day,date,time_IST,category,title,images_folder,caption_fb_ig_li,caption_x
1,2026-08-13,08:00,think-they-are,You Think You're Happy,numberless/blacklight-all/think-they-are/19-you-think-you-re-happy,"You keep yourself busy.

Swipe till the end. Happiness isn't proven by how much you smile in public. It is revealed by how peaceful you are in private.

Save this - share with someone who needs it.
More at www.shiwalay.com

#selfawareness #truth #shiwalay #selfgrowth","You keep yourself busy.

Happiness isn't proven by how much you smile in public. It is revealed by how peaceful you are in private.

www.shiwalay.com #selfawareness #truth"
1,2026-08-13,12:00,freedom,The Exit Plan,numberless/blacklight-all/freedom/18-the-exit-plan,"Every cage has a door.

Swipe till the end. You don't have to leave today. But know how you would.

Save this - share with someone who needs it.
More at www.shiwalay.com

#freedom #lifedesign #shiwalay #selfgrowth","Every cage has a door.

You don't have to leave today. But know how you would.

www.shiwalay.com #freedom #lifedesign"
1,2026-08-13,16:00,dark-manipulation,Breadcrumbing,numberless/blacklight-all/dark-manipulation/09-breadcrumbing,"Just enough attention

Swipe till the end. Don't survive on crumbs and call it a meal.

Save this - share with someone who needs it.
More at www.shiwalay.com

#psychology #awareness #shiwalay #selfgrowth","Just enough attention

Don't survive on crumbs and call it a meal.

www.shiwalay.com #psychology #awareness"
1,2026-08-13,20:00,never-give-up,Your Competition Quits,numberless/blacklight-all/never-give-up/10-your-competition-quits,"Here's the quiet advantage:

Swipe till the end. Endurance is a strategy. Outlast, then outshine.

Save this - share with someone who needs it.
More at www.shiwalay.com

#motivation #persistence #shiwalay #selfgrowth","Here's the quiet advantage:

Endurance is a strategy. Outlast, then outshine.

www.shiwalay.com #motivation #persistence"
2,2026-08-14,08:00,faith,The Storm Teacher,numberless/blacklight-all/faith/04-the-storm-teacher,"Comfort never taught anyone faith.

Swipe till the end. You've been carried before. Remember that forward.

Save this - share with someone who needs it.
More at www.shiwalay.com

#faith #trust #shiwalay #selfgrowth","Comfort never taught anyone faith.

You've been carried before. Remember that forward.

www.shiwalay.com #faith #trust"
2,2026-08-14,12:00,self-protection,Protection Isn't Selfish,numberless/blacklight-all/self-protection/20-protection-isn-t-selfish,"You protect your phone with a case.

Swipe till the end. Protecting yourself protects everyone who depends on you.

Save this - share with someone who needs it.
More at www.shiwalay.com

#boundaries #selfrespect #shiwalay #selfgrowth","You protect your phone with a case.

Protecting yourself protects everyone who depends on you.

www.shiwalay.com #boundaries #selfrespect"
2,2026-08-14,16:00,family,The Festival Rule,numberless/blacklight-all/family/16-the-festival-rule,"You skipped going home again this year.

Swipe till the end. Some meetings can't be rescheduled forever.

Save this - share with someone who needs it.
More at www.shiwalay.com

#family #relationships #shiwalay #selfgrowth","You skipped going home again this year.

Some meetings can't be rescheduled forever.

www.shiwalay.com #family #relationships"
2,2026-08-14,20:00,modern-wisdom,Attention Is The New Oil,numberless/blacklight-all/modern-wisdom/01-attention-is-the-new-oil,"You're not the customer of free apps.

Swipe till the end. Guard attention like money. It converts into everything else.

Save this - share with someone who needs it.
More at www.shiwalay.com

#modernlife #wisdom #shiwalay #selfgrowth","You're not the customer of free apps.

Guard attention like money. It converts into everything else.

www.shiwalay.com #modernlife #wisdom"
3,2026-08-15,08:00,gita,Know Your Nature,numberless/blacklight-all/gita/10-know-your-nature,"Some people are builders. Some are teachers.

Swipe till the end. Your greatest strength may be hidden inside what comes naturally to you when you're fully disciplined.

Save this - share with someone who needs it.
More at www.shiwalay.com

#bhagavadgita #dharma #shiwalay #selfgrowth","Some people are builders. Some are teachers.

Your greatest strength may be hidden inside what comes naturally to you when you're fully disciplined.

www.shiwalay.com #bhagavadgita #dharma"
3,2026-08-15,12:00,if-you-are-starting-again,Show Your Work,numberless/blacklight-all/if-you-are-starting-again/12-show-your-work,"If I were starting again:

Swipe till the end. Invisible effort earns invisible rewards.

Save this - share with someone who needs it.
More at www.shiwalay.com

#lifelessons #adviceto20s #shiwalay #selfgrowth","If I were starting again:

Invisible effort earns invisible rewards.

www.shiwalay.com #lifelessons #adviceto20s"
3,2026-08-15,16:00,take-it-easy,The World Keeps Spinning,numberless/blacklight-all/take-it-easy/05-the-world-keeps-spinning,"Take the day off.

Swipe till the end. The world runs fine for a day. Let it.

Save this - share with someone who needs it.
More at www.shiwalay.com

#peace #mentalhealth #shiwalay #selfgrowth","Take the day off.

The world runs fine for a day. Let it.

www.shiwalay.com #peace #mentalhealth"
3,2026-08-15,20:00,listen-carefully,The One Who Speaks Once,numberless/blacklight-all/listen-carefully/18-the-one-who-speaks-once,"The loudest voice in the room

Swipe till the end. Volume is marketing. Precision is knowledge.

Save this - share with someone who needs it.
More at www.shiwalay.com

#communication #psychology #shiwalay #selfgrowth","The loudest voice in the room

Volume is marketing. Precision is knowledge.

www.shiwalay.com #communication #psychology"
4,2026-08-16,08:00,friends,When Friends Become Rivals,numberless/blacklight-all/friends/14-when-friends-become-rivals,"Comparison turns friends

Swipe till the end. Their win is not your loss. Cheer honestly, or drift certainly.

Save this - share with someone who needs it.
More at www.shiwalay.com

#friendship #connection #shiwalay #selfgrowth","Comparison turns friends

Their win is not your loss. Cheer honestly, or drift certainly.

www.shiwalay.com #friendship #connection"
4,2026-08-16,12:00,must-learn-before-40,How To Say No,numberless/blacklight-all/must-learn-before-40/02-how-to-say-no,"By 40, your yeses

Swipe till the end. Every no funds a better yes.

Save this - share with someone who needs it.
More at www.shiwalay.com

#lifelessons #growth #shiwalay #selfgrowth","By 40, your yeses

Every no funds a better yes.

www.shiwalay.com #lifelessons #growth"
4,2026-08-16,16:00,love-to-read,What Successful People Really Want,numberless/blacklight-all/love-to-read/15-what-successful-people-really-want,"Ask someone successful what they want.

Swipe till the end. The ultimate luxury isn't owning more. It's being able to decide what deserves your time.

Save this - share with someone who needs it.
More at www.shiwalay.com

#life #wisdom #shiwalay #selfgrowth","Ask someone successful what they want.

The ultimate luxury isn't owning more. It's being able to decide what deserves your time.

www.shiwalay.com #life #wisdom"
4,2026-08-16,20:00,money,Your Salary Isn't Your Wealth,numberless/blacklight-all/money/04-your-salary-isn-t-your-wealth,"Your salary can make you comfortable.

Swipe till the end. Income pays your bills. Assets build your freedom.

Save this - share with someone who needs it.
More at www.shiwalay.com

#money #wealth #shiwalay #selfgrowth","Your salary can make you comfortable.

Income pays your bills. Assets build your freedom.

www.shiwalay.com #money #wealth"
5,2026-08-17,08:00,your-enemies,The Public Fight Trap,numberless/blacklight-all/your-enemies/15-the-public-fight-trap,"Fight in public and

Swipe till the end. Decline arenas that diminish you.

Save this - share with someone who needs it.
More at www.shiwalay.com

#mindset #growth #shiwalay #selfgrowth","Fight in public and

Decline arenas that diminish you.

www.shiwalay.com #mindset #growth"
5,2026-08-17,12:00,fulfilment,The Achievement Hangover,numberless/blacklight-all/fulfilment/12-the-achievement-hangover,"You won.

Swipe till the end. Anchor your joy in process, people and progress - not the trophy shelf.

Save this - share with someone who needs it.
More at www.shiwalay.com

#fulfilment #meaning #shiwalay #selfgrowth","You won.

Anchor your joy in process, people and progress - not the trophy shelf.

www.shiwalay.com #fulfilment #meaning"
5,2026-08-17,16:00,hit-hard,Nobody Owes You,numberless/blacklight-all/hit-hard/10-nobody-owes-you,"Nobody owes you a chance,

Swipe till the end. Earn it. Earned things can't be taken.

Save this - share with someone who needs it.
More at www.shiwalay.com

#hardtruths #discipline #shiwalay #selfgrowth","Nobody owes you a chance,

Earn it. Earned things can't be taken.

www.shiwalay.com #hardtruths #discipline"
5,2026-08-17,20:00,system-works,The Middle Layers,numberless/blacklight-all/system-works/17-the-middle-layers,"Between maker and buyer,

Swipe till the end. Go direct - or become the layer worth paying.

Save this - share with someone who needs it.
More at www.shiwalay.com

#financialliteracy #systems #shiwalay #selfgrowth","Between maker and buyer,

Go direct - or become the layer worth paying.

www.shiwalay.com #financialliteracy #systems"
6,2026-08-18,08:00,try-this-trick,Name It To Tame It,numberless/blacklight-all/try-this-trick/11-name-it-to-tame-it,"Overwhelmed?

Swipe till the end. You HAVE feelings. You are not them.

Save this - share with someone who needs it.
More at www.shiwalay.com

#lifehacks #psychology #shiwalay #selfgrowth","Overwhelmed?

You HAVE feelings. You are not them.

www.shiwalay.com #lifehacks #psychology"
6,2026-08-18,12:00,hide-this-secrets,Your Side Project,numberless/blacklight-all/hide-this-secrets/09-your-side-project,"Tell no one

Swipe till the end. Launch loud. Build silent.

Save this - share with someone who needs it.
More at www.shiwalay.com

#privacy #strategy #shiwalay #selfgrowth","Tell no one

Launch loud. Build silent.

www.shiwalay.com #privacy #strategy"
6,2026-08-18,16:00,try-this-3-things,For Career Growth,numberless/blacklight-all/try-this-3-things/17-for-career-growth,"Working hard, going nowhere?

Swipe till the end. Visibility + feedback + range. That's the promotion formula.

Save this - share with someone who needs it.
More at www.shiwalay.com

#selfimprovement #habits #shiwalay #selfgrowth","Working hard, going nowhere?

Visibility + feedback + range. That's the promotion formula.

www.shiwalay.com #selfimprovement #habits"
6,2026-08-18,20:00,avoid-this-mistakes,Busy Isn't Productive,numberless/blacklight-all/avoid-this-mistakes/09-busy-isn-t-productive,"Full calendar.

Swipe till the end. Measure output, not exhaustion.

Save this - share with someone who needs it.
More at www.shiwalay.com

#lifelessons #mistakes #shiwalay #selfgrowth","Full calendar.

Measure output, not exhaustion.

www.shiwalay.com #lifelessons #mistakes"
7,2026-08-19,08:00,try-this-3-things,For More Energy,numberless/blacklight-all/try-this-3-things/11-for-more-energy,"Tired by 3 pm?

Swipe till the end. Energy is built by boring rules, not energy drinks.

Save this - share with someone who needs it.
More at www.shiwalay.com

#selfimprovement #habits #shiwalay #selfgrowth","Tired by 3 pm?

Energy is built by boring rules, not energy drinks.

www.shiwalay.com #selfimprovement #habits"
7,2026-08-19,12:00,friends,Who Claps For You,numberless/blacklight-all/friends/06-who-claps-for-you,"Watch who celebrates your wins.

Swipe till the end. Keep the ones who clap loudest when you don't need it.

Save this - share with someone who needs it.
More at www.shiwalay.com

#friendship #connection #shiwalay #selfgrowth","Watch who celebrates your wins.

Keep the ones who clap loudest when you don't need it.

www.shiwalay.com #friendship #connection"
7,2026-08-19,16:00,your-enemies,Don't Interrupt Their Mistake,numberless/blacklight-all/your-enemies/02-don-t-interrupt-their-mistake,"An enemy destroying themselves

Swipe till the end. Some battles are won by attendance refusal.

Save this - share with someone who needs it.
More at www.shiwalay.com

#mindset #growth #shiwalay #selfgrowth","An enemy destroying themselves

Some battles are won by attendance refusal.

www.shiwalay.com #mindset #growth"
7,2026-08-19,20:00,money,Money Loves Systems,numberless/blacklight-all/money/11-money-loves-systems,"Want more money?

Swipe till the end. The goal isn't to work forever. It's to build something that keeps working.

Save this - share with someone who needs it.
More at www.shiwalay.com

#money #wealth #shiwalay #selfgrowth","Want more money?

The goal isn't to work forever. It's to build something that keeps working.

www.shiwalay.com #money #wealth"
8,2026-08-20,08:00,fulfilment,The Contribution Secret,numberless/blacklight-all/fulfilment/07-the-contribution-secret,"The most fulfilled people share a secret.

Swipe till the end. Fulfilment is stored in what outlives your effort.

Save this - share with someone who needs it.
More at www.shiwalay.com

#fulfilment #meaning #shiwalay #selfgrowth","The most fulfilled people share a secret.

Fulfilment is stored in what outlives your effort.

www.shiwalay.com #fulfilment #meaning"
8,2026-08-20,12:00,take-it-easy,Hobbies Without Deadlines,numberless/blacklight-all/take-it-easy/13-hobbies-without-deadlines,"Your hobby became

Swipe till the end. Keep one thing in life deliciously unmeasured.

Save this - share with someone who needs it.
More at www.shiwalay.com

#peace #mentalhealth #shiwalay #selfgrowth","Your hobby became

Keep one thing in life deliciously unmeasured.

www.shiwalay.com #peace #mentalhealth"
8,2026-08-20,16:00,love-to-read,Money Changes One Thing,numberless/blacklight-all/love-to-read/05-money-changes-one-thing,"Money doesn't solve everything.

Swipe till the end. The deepest value of money isn't what it can buy. It's the options it can create.

Save this - share with someone who needs it.
More at www.shiwalay.com

#life #wisdom #shiwalay #selfgrowth","Money doesn't solve everything.

The deepest value of money isn't what it can buy. It's the options it can create.

www.shiwalay.com #life #wisdom"
8,2026-08-20,20:00,dark-manipulation,Urgency Engineering,numberless/blacklight-all/dark-manipulation/15-urgency-engineering,"""Offer ends tonight.""

Swipe till the end. If it can't wait 24 hours, it's usually a trap.

Save this - share with someone who needs it.
More at www.shiwalay.com

#psychology #awareness #shiwalay #selfgrowth","""Offer ends tonight.""

If it can't wait 24 hours, it's usually a trap.

www.shiwalay.com #psychology #awareness"
9,2026-08-21,08:00,modern-wisdom,Offline Hours,numberless/blacklight-all/modern-wisdom/17-offline-hours,"Your ancestors feared darkness.

Swipe till the end. Schedule offline hours like important meetings.

Save this - share with someone who needs it.
More at www.shiwalay.com

#modernlife #wisdom #shiwalay #selfgrowth","Your ancestors feared darkness.

Schedule offline hours like important meetings.

www.shiwalay.com #modernlife #wisdom"
9,2026-08-21,12:00,must-learn-before-40,How Taxes Work,numberless/blacklight-all/must-learn-before-40/05-how-taxes-work,"You'll pay taxes

Swipe till the end. An hour of tax learning can pay more than a month of work.

Save this - share with someone who needs it.
More at www.shiwalay.com

#lifelessons #growth #shiwalay #selfgrowth","You'll pay taxes

An hour of tax learning can pay more than a month of work.

www.shiwalay.com #lifelessons #growth"
9,2026-08-21,16:00,family,The Repeating Script,numberless/blacklight-all/family/03-the-repeating-script,"You promised you'd never repeat

Swipe till the end. The generational pattern ends with whoever becomes aware of it.

Save this - share with someone who needs it.
More at www.shiwalay.com

#family #relationships #shiwalay #selfgrowth","You promised you'd never repeat

The generational pattern ends with whoever becomes aware of it.

www.shiwalay.com #family #relationships"
9,2026-08-21,20:00,listen-carefully,Your Body Speaks First,numberless/blacklight-all/listen-carefully/05-your-body-speaks-first,"The tight chest before that meeting.

Swipe till the end. The body keeps honest minutes of dishonest meetings.

Save this - share with someone who needs it.
More at www.shiwalay.com

#communication #psychology #shiwalay #selfgrowth","The tight chest before that meeting.

The body keeps honest minutes of dishonest meetings.

www.shiwalay.com #communication #psychology"
10,2026-08-22,08:00,system-works,Who Profits From Your Insecurity,numberless/blacklight-all/system-works/07-who-profits-from-your-insecurity,"Entire industries need you

Swipe till the end. Your self-acceptance is their revenue problem.

Save this - share with someone who needs it.
More at www.shiwalay.com

#financialliteracy #systems #shiwalay #selfgrowth","Entire industries need you

Your self-acceptance is their revenue problem.

www.shiwalay.com #financialliteracy #systems"
10,2026-08-22,12:00,try-this-trick,Coach Yourself By Name,numberless/blacklight-all/try-this-trick/14-coach-yourself-by-name,"Nervous? Try talking to yourself

Swipe till the end. Become your own coach, not your own critic.

Save this - share with someone who needs it.
More at www.shiwalay.com

#lifehacks #psychology #shiwalay #selfgrowth","Nervous? Try talking to yourself

Become your own coach, not your own critic.

www.shiwalay.com #lifehacks #psychology"
10,2026-08-22,16:00,gita,Don't Live For The Result,numberless/blacklight-all/gita/04-don-t-live-for-the-result,"You work hard.

Swipe till the end. Give your best to the action. Don't surrender your peace to the result.

Save this - share with someone who needs it.
More at www.shiwalay.com

#bhagavadgita #dharma #shiwalay #selfgrowth","You work hard.

Give your best to the action. Don't surrender your peace to the result.

www.shiwalay.com #bhagavadgita #dharma"
10,2026-08-22,20:00,hide-this-secrets,The Secret Of Secrets,numberless/blacklight-all/hide-this-secrets/20-the-secret-of-secrets,"A secret told to one person

Swipe till the end. If it must stay hidden, it stays with you.

Save this - share with someone who needs it.
More at www.shiwalay.com

#privacy #strategy #shiwalay #selfgrowth","A secret told to one person

If it must stay hidden, it stays with you.

www.shiwalay.com #privacy #strategy"
11,2026-08-23,08:00,self-protection,Guard Your Dreams,numberless/blacklight-all/self-protection/08-guard-your-dreams,"Don't show baby dreams to everyone.

Swipe till the end. Protect the seed until it can survive weather.

Save this - share with someone who needs it.
More at www.shiwalay.com

#boundaries #selfrespect #shiwalay #selfgrowth","Don't show baby dreams to everyone.

Protect the seed until it can survive weather.

www.shiwalay.com #boundaries #selfrespect"
11,2026-08-23,12:00,think-they-are,You Think You're A Risk-Taker,numberless/blacklight-all/think-they-are/16-you-think-you-re-a-risk-taker,"You call yourself a risk-taker.

Swipe till the end. Real courage begins where the possibility of looking foolish begins.

Save this - share with someone who needs it.
More at www.shiwalay.com

#selfawareness #truth #shiwalay #selfgrowth","You call yourself a risk-taker.

Real courage begins where the possibility of looking foolish begins.

www.shiwalay.com #selfawareness #truth"
11,2026-08-23,16:00,never-give-up,Doubt Visits Everyone,numberless/blacklight-all/never-give-up/12-doubt-visits-everyone,"Doubt is not a verdict.

Swipe till the end. Don't hand your dream to a passing cloud.

Save this - share with someone who needs it.
More at www.shiwalay.com

#motivation #persistence #shiwalay #selfgrowth","Doubt is not a verdict.

Don't hand your dream to a passing cloud.

www.shiwalay.com #motivation #persistence"
11,2026-08-23,20:00,faith,The Waiting Room,numberless/blacklight-all/faith/02-the-waiting-room,"Between prayer and answer,

Swipe till the end. Delay is not denial.

Save this - share with someone who needs it.
More at www.shiwalay.com

#faith #trust #shiwalay #selfgrowth","Between prayer and answer,

Delay is not denial.

www.shiwalay.com #faith #trust"
12,2026-08-24,08:00,if-you-are-starting-again,Money Rules From Day One,numberless/blacklight-all/if-you-are-starting-again/15-money-rules-from-day-one,"If I were starting again:

Swipe till the end. Discipline early is freedom later. Every time.

Save this - share with someone who needs it.
More at www.shiwalay.com

#lifelessons #adviceto20s #shiwalay #selfgrowth","If I were starting again:

Discipline early is freedom later. Every time.

www.shiwalay.com #lifelessons #adviceto20s"
12,2026-08-24,12:00,avoid-this-mistakes,Buying Status On EMI,numberless/blacklight-all/avoid-this-mistakes/05-buying-status-on-emi,"The car for the neighbors.

Swipe till the end. Buy freedom first. Status can wait.

Save this - share with someone who needs it.
More at www.shiwalay.com

#lifelessons #mistakes #shiwalay #selfgrowth","The car for the neighbors.

Buy freedom first. Status can wait.

www.shiwalay.com #lifelessons #mistakes"
12,2026-08-24,16:00,freedom,The Cost Of Yes,numberless/blacklight-all/freedom/09-the-cost-of-yes,"Every yes spends something.

Swipe till the end. Guard your yes like money.

Save this - share with someone who needs it.
More at www.shiwalay.com

#freedom #lifedesign #shiwalay #selfgrowth","Every yes spends something.

Guard your yes like money.

www.shiwalay.com #freedom #lifedesign"
12,2026-08-24,20:00,hit-hard,Time Is Spending You,numberless/blacklight-all/hit-hard/11-time-is-spending-you,"You're not spending time.

Swipe till the end. Act like the meter is running. It is.

Save this - share with someone who needs it.
More at www.shiwalay.com

#hardtruths #discipline #shiwalay #selfgrowth","You're not spending time.

Act like the meter is running. It is.

www.shiwalay.com #hardtruths #discipline"
13,2026-08-25,08:00,money,The Rs 0 Investment,numberless/blacklight-all/money/17-the-rs-0-investment,"Want to start building wealth

Swipe till the end. Your first asset may already be sitting inside your head.

Save this - share with someone who needs it.
More at www.shiwalay.com

#money #wealth #shiwalay #selfgrowth","Want to start building wealth

Your first asset may already be sitting inside your head.

www.shiwalay.com #money #wealth"
13,2026-08-25,12:00,gita,Stop Comparing Your Path,numberless/blacklight-all/gita/15-stop-comparing-your-path,"Someone else's life looks better.

Swipe till the end. A borrowed path can look successful and still be wrong for you.

Save this - share with someone who needs it.
More at www.shiwalay.com

#bhagavadgita #dharma #shiwalay #selfgrowth","Someone else's life looks better.

A borrowed path can look successful and still be wrong for you.

www.shiwalay.com #bhagavadgita #dharma"
13,2026-08-25,16:00,avoid-this-mistakes,Skipping The Emergency Fund,numberless/blacklight-all/avoid-this-mistakes/08-skipping-the-emergency-fund,"No buffer means

Swipe till the end. Build the buffer before you need the buffer.

Save this - share with someone who needs it.
More at www.shiwalay.com

#lifelessons #mistakes #shiwalay #selfgrowth","No buffer means

Build the buffer before you need the buffer.

www.shiwalay.com #lifelessons #mistakes"
13,2026-08-25,20:00,friends,Friendship Is Maintenance,numberless/blacklight-all/friends/05-friendship-is-maintenance,"Friendships rarely die from fights.

Swipe till the end. Water the plant. A text today beats a sorry later.

Save this - share with someone who needs it.
More at www.shiwalay.com

#friendship #connection #shiwalay #selfgrowth","Friendships rarely die from fights.

Water the plant. A text today beats a sorry later.

www.shiwalay.com #friendship #connection"
14,2026-08-26,08:00,modern-wisdom,Privacy Is The New Luxury,numberless/blacklight-all/modern-wisdom/16-privacy-is-the-new-luxury,"You broadcast your location,

Swipe till the end. Move quietly. Announce less. Live more.

Save this - share with someone who needs it.
More at www.shiwalay.com

#modernlife #wisdom #shiwalay #selfgrowth","You broadcast your location,

Move quietly. Announce less. Live more.

www.shiwalay.com #modernlife #wisdom"
14,2026-08-26,12:00,faith,The Unanswered Prayer,numberless/blacklight-all/faith/18-the-unanswered-prayer,"Some unanswered prayers

Swipe till the end. Trust the no's as much as the yes's.

Save this - share with someone who needs it.
More at www.shiwalay.com

#faith #trust #shiwalay #selfgrowth","Some unanswered prayers

Trust the no's as much as the yes's.

www.shiwalay.com #faith #trust"
14,2026-08-26,16:00,never-give-up,The One Who Didn't Quit,numberless/blacklight-all/never-give-up/18-the-one-who-didn-t-quit,"Somewhere ahead lives the version of you

Swipe till the end. Don't evict them. Keep building.

Save this - share with someone who needs it.
More at www.shiwalay.com

#motivation #persistence #shiwalay #selfgrowth","Somewhere ahead lives the version of you

Don't evict them. Keep building.

www.shiwalay.com #motivation #persistence"
14,2026-08-26,20:00,family,Your Parents Were Young Once,numberless/blacklight-all/family/09-your-parents-were-young-once,"Your parents were young once.

Swipe till the end. But it can turn anger into something you can finally put down.

Save this - share with someone who needs it.
More at www.shiwalay.com

#family #relationships #shiwalay #selfgrowth","Your parents were young once.

But it can turn anger into something you can finally put down.

www.shiwalay.com #family #relationships"
15,2026-08-27,08:00,fulfilment,Boredom Isn't The Enemy,numberless/blacklight-all/fulfilment/09-boredom-isn-t-the-enemy,"You treat boredom like a disease.

Swipe till the end. A life with no empty space has no room for depth.

Save this - share with someone who needs it.
More at www.shiwalay.com

#fulfilment #meaning #shiwalay #selfgrowth","You treat boredom like a disease.

A life with no empty space has no room for depth.

www.shiwalay.com #fulfilment #meaning"
15,2026-08-27,12:00,your-enemies,Fuel Upgrade,numberless/blacklight-all/your-enemies/13-fuel-upgrade,"Some engines start on insult.

Swipe till the end. Start on spite if you must. Run on purpose.

Save this - share with someone who needs it.
More at www.shiwalay.com

#mindset #growth #shiwalay #selfgrowth","Some engines start on insult.

Start on spite if you must. Run on purpose.

www.shiwalay.com #mindset #growth"
15,2026-08-27,16:00,think-they-are,You Think You're Spiritual,numberless/blacklight-all/think-they-are/17-you-think-you-re-spiritual,"You meditate. Read scripture.

Swipe till the end. Spirituality isn't what you believe when you're peaceful. It's how you behave when you're triggered.

Save this - share with someone who needs it.
More at www.shiwalay.com

#selfawareness #truth #shiwalay #selfgrowth","You meditate. Read scripture.

Spirituality isn't what you believe when you're peaceful. It's how you behave when you're triggered.

www.shiwalay.com #selfawareness #truth"
15,2026-08-27,20:00,self-protection,Believe The Patterns,numberless/blacklight-all/self-protection/03-believe-the-patterns,"People tell you who they are twice.

Swipe till the end. An apology without changed behavior is just a reset button.

Save this - share with someone who needs it.
More at www.shiwalay.com

#boundaries #selfrespect #shiwalay #selfgrowth","People tell you who they are twice.

An apology without changed behavior is just a reset button.

www.shiwalay.com #boundaries #selfrespect"
16,2026-08-28,08:00,try-this-trick,The Gratitude Interrupt,numberless/blacklight-all/try-this-trick/18-the-gratitude-interrupt,"Spiraling? Try this circuit-breaker.

Swipe till the end. It's not denial. It's changing the channel.

Save this - share with someone who needs it.
More at www.shiwalay.com

#lifehacks #psychology #shiwalay #selfgrowth","Spiraling? Try this circuit-breaker.

It's not denial. It's changing the channel.

www.shiwalay.com #lifehacks #psychology"
16,2026-08-28,12:00,freedom,The Last Cage,numberless/blacklight-all/freedom/20-the-last-cage,"You escape the job.

Swipe till the end. The last cage is always self-built. So is the key.

Save this - share with someone who needs it.
More at www.shiwalay.com

#freedom #lifedesign #shiwalay #selfgrowth","You escape the job.

The last cage is always self-built. So is the key.

www.shiwalay.com #freedom #lifedesign"
16,2026-08-28,16:00,dark-manipulation,Isolation,numberless/blacklight-all/dark-manipulation/16-isolation,"""Your friends are

Swipe till the end. Anyone separating you from your people is not protecting you.

Save this - share with someone who needs it.
More at www.shiwalay.com

#psychology #awareness #shiwalay #selfgrowth","""Your friends are

Anyone separating you from your people is not protecting you.

www.shiwalay.com #psychology #awareness"
16,2026-08-28,20:00,hide-this-secrets,Your Weak Spots,numberless/blacklight-all/hide-this-secrets/03-your-weak-spots,"Don't hand out the map

Swipe till the end. Openness is a gift, not an obligation.

Save this - share with someone who needs it.
More at www.shiwalay.com

#privacy #strategy #shiwalay #selfgrowth","Don't hand out the map

Openness is a gift, not an obligation.

www.shiwalay.com #privacy #strategy"
17,2026-08-29,08:00,hit-hard,Start Ugly,numberless/blacklight-all/hit-hard/20-start-ugly,"Your first attempt

Swipe till the end. Start ugly. Edit forever.

Save this - share with someone who needs it.
More at www.shiwalay.com

#hardtruths #discipline #shiwalay #selfgrowth","Your first attempt

Start ugly. Edit forever.

www.shiwalay.com #hardtruths #discipline"
17,2026-08-29,12:00,try-this-3-things,For Better Sleep,numberless/blacklight-all/try-this-3-things/02-for-better-sleep,"Tired but can't sleep?

Swipe till the end. Sleep is a routine, not a talent.

Save this - share with someone who needs it.
More at www.shiwalay.com

#selfimprovement #habits #shiwalay #selfgrowth","Tired but can't sleep?

Sleep is a routine, not a talent.

www.shiwalay.com #selfimprovement #habits"
17,2026-08-29,16:00,love-to-read,The Secret About Success,numberless/blacklight-all/love-to-read/10-the-secret-about-success,"Success looks glamorous from the outside.

Swipe till the end. The boring part is often the price of the extraordinary part.

Save this - share with someone who needs it.
More at www.shiwalay.com

#life #wisdom #shiwalay #selfgrowth","Success looks glamorous from the outside.

The boring part is often the price of the extraordinary part.

www.shiwalay.com #life #wisdom"
17,2026-08-29,20:00,take-it-easy,Nature Doesn't Hurry,numberless/blacklight-all/take-it-easy/11-nature-doesn-t-hurry,"Nature doesn't hurry.

Swipe till the end. Move like water: steady, patient, unstoppable.

Save this - share with someone who needs it.
More at www.shiwalay.com

#peace #mentalhealth #shiwalay #selfgrowth","Nature doesn't hurry.

Move like water: steady, patient, unstoppable.

www.shiwalay.com #peace #mentalhealth"
18,2026-08-30,08:00,must-learn-before-40,How Insurance Works,numberless/blacklight-all/must-learn-before-40/17-how-insurance-works,"Boring topic.

Swipe till the end. Buy the umbrella before the rain.

Save this - share with someone who needs it.
More at www.shiwalay.com

#lifelessons #growth #shiwalay #selfgrowth","Boring topic.

Buy the umbrella before the rain.

www.shiwalay.com #lifelessons #growth"
18,2026-08-30,12:00,listen-carefully,How They Talk About Others,numberless/blacklight-all/listen-carefully/04-how-they-talk-about-others,"Listen to how they describe

Swipe till the end. How they speak of others is how they'll speak of you.

Save this - share with someone who needs it.
More at www.shiwalay.com

#communication #psychology #shiwalay #selfgrowth","Listen to how they describe

How they speak of others is how they'll speak of you.

www.shiwalay.com #communication #psychology"
18,2026-08-30,16:00,if-you-are-starting-again,Call Your Parents More,numberless/blacklight-all/if-you-are-starting-again/19-call-your-parents-more,"If I were starting again:

Swipe till the end. No achievement needed them less than I assumed.

Save this - share with someone who needs it.
More at www.shiwalay.com

#lifelessons #adviceto20s #shiwalay #selfgrowth","If I were starting again:

No achievement needed them less than I assumed.

www.shiwalay.com #lifelessons #adviceto20s"
18,2026-08-30,20:00,system-works,Exit The Default,numberless/blacklight-all/system-works/20-exit-the-default,"The system ships with defaults:

Swipe till the end. Live by design, not by default.

Save this - share with someone who needs it.
More at www.shiwalay.com

#financialliteracy #systems #shiwalay #selfgrowth","The system ships with defaults:

Live by design, not by default.

www.shiwalay.com #financialliteracy #systems"
19,2026-08-31,08:00,your-enemies,The Undeclared Enemy,numberless/blacklight-all/your-enemies/11-the-undeclared-enemy,"Your most dangerous rival

Swipe till the end. Not all enemies declare themselves.

Save this - share with someone who needs it.
More at www.shiwalay.com

#mindset #growth #shiwalay #selfgrowth","Your most dangerous rival

Not all enemies declare themselves.

www.shiwalay.com #mindset #growth"
19,2026-08-31,12:00,freedom,Freedom Feels Like Fear,numberless/blacklight-all/freedom/13-freedom-feels-like-fear,"Nobody tells you this:

Swipe till the end. If your life has zero fear, check whether it has zero freedom too.

Save this - share with someone who needs it.
More at www.shiwalay.com

#freedom #lifedesign #shiwalay #selfgrowth","Nobody tells you this:

If your life has zero fear, check whether it has zero freedom too.

www.shiwalay.com #freedom #lifedesign"
19,2026-08-31,16:00,gita,Your Job Is Action,numberless/blacklight-all/gita/01-your-job-is-action,"You control your action.

Swipe till the end. Master your action. Release your obsession with controlling the result.

Save this - share with someone who needs it.
More at www.shiwalay.com

#bhagavadgita #dharma #shiwalay #selfgrowth","You control your action.

Master your action. Release your obsession with controlling the result.

www.shiwalay.com #bhagavadgita #dharma"
19,2026-08-31,20:00,money,Rich vs Poor Question,numberless/blacklight-all/money/18-rich-vs-poor-question,"Two people face the same problem.

Swipe till the end. Same problem. Different question. Different future.

Save this - share with someone who needs it.
More at www.shiwalay.com

#money #wealth #shiwalay #selfgrowth","Two people face the same problem.

Same problem. Different question. Different future.

www.shiwalay.com #money #wealth"
20,2026-09-01,08:00,if-you-are-starting-again,Ask More Questions,numberless/blacklight-all/if-you-are-starting-again/16-ask-more-questions,"If I were starting again:

Swipe till the end. Ego protects ignorance. Questions dissolve it.

Save this - share with someone who needs it.
More at www.shiwalay.com

#lifelessons #adviceto20s #shiwalay #selfgrowth","If I were starting again:

Ego protects ignorance. Questions dissolve it.

www.shiwalay.com #lifelessons #adviceto20s"
20,2026-09-01,12:00,friends,The Friendship Bank,numberless/blacklight-all/friends/10-the-friendship-bank,"Every friendship has a bank account.

Swipe till the end. Check your balance before the account closes.

Save this - share with someone who needs it.
More at www.shiwalay.com

#friendship #connection #shiwalay #selfgrowth","Every friendship has a bank account.

Check your balance before the account closes.

www.shiwalay.com #friendship #connection"
20,2026-09-01,16:00,never-give-up,Nobody Felt Ready,numberless/blacklight-all/never-give-up/09-nobody-felt-ready,"Every expert you admire

Swipe till the end. Doubt loudly. Continue anyway.

Save this - share with someone who needs it.
More at www.shiwalay.com

#motivation #persistence #shiwalay #selfgrowth","Every expert you admire

Doubt loudly. Continue anyway.

www.shiwalay.com #motivation #persistence"
20,2026-09-01,20:00,avoid-this-mistakes,Lifestyle Inflation,numberless/blacklight-all/avoid-this-mistakes/01-lifestyle-inflation,"Salary doubled.

Swipe till the end. Upgrade your assets, not just your lifestyle.

Save this - share with someone who needs it.
More at www.shiwalay.com

#lifelessons #mistakes #shiwalay #selfgrowth","Salary doubled.

Upgrade your assets, not just your lifestyle.

www.shiwalay.com #lifelessons #mistakes"
21,2026-09-02,08:00,must-learn-before-40,How To Ask For Help,numberless/blacklight-all/must-learn-before-40/12-how-to-ask-for-help,"Asking isn't weakness.

Swipe till the end. The successful ask early and ask often.

Save this - share with someone who needs it.
More at www.shiwalay.com

#lifelessons #growth #shiwalay #selfgrowth","Asking isn't weakness.

The successful ask early and ask often.

www.shiwalay.com #lifelessons #growth"
21,2026-09-02,12:00,love-to-read,You're Not Lazy,numberless/blacklight-all/love-to-read/01-you-re-not-lazy,"You're probably not lazy.

Swipe till the end. Sometimes discipline isn't the first problem. Meaning is.

Save this - share with someone who needs it.
More at www.shiwalay.com

#life #wisdom #shiwalay #selfgrowth","You're probably not lazy.

Sometimes discipline isn't the first problem. Meaning is.

www.shiwalay.com #life #wisdom"
21,2026-09-02,16:00,think-they-are,You Think You're Independent,numberless/blacklight-all/think-they-are/18-you-think-you-re-independent,"You think you don't need anyone.

Swipe till the end. Strength isn't never needing people. It's knowing when to stand - and when to connect.

Save this - share with someone who needs it.
More at www.shiwalay.com

#selfawareness #truth #shiwalay #selfgrowth","You think you don't need anyone.

Strength isn't never needing people. It's knowing when to stand - and when to connect.

www.shiwalay.com #selfawareness #truth"
21,2026-09-02,20:00,try-this-3-things,For Better Mornings,numberless/blacklight-all/try-this-3-things/01-for-better-mornings,"Mornings decide days.

Swipe till the end. Win the first hour, and it carries the rest.

Save this - share with someone who needs it.
More at www.shiwalay.com

#selfimprovement #habits #shiwalay #selfgrowth","Mornings decide days.

Win the first hour, and it carries the rest.

www.shiwalay.com #selfimprovement #habits"
22,2026-09-03,08:00,modern-wisdom,The Comparison Machine,numberless/blacklight-all/modern-wisdom/11-the-comparison-machine,"You compare your bloopers

Swipe till the end. Log off and compare yourself to yesterday's you.

Save this - share with someone who needs it.
More at www.shiwalay.com

#modernlife #wisdom #shiwalay #selfgrowth","You compare your bloopers

Log off and compare yourself to yesterday's you.

www.shiwalay.com #modernlife #wisdom"
22,2026-09-03,12:00,take-it-easy,Some Things Can Wait,numberless/blacklight-all/take-it-easy/09-some-things-can-wait,"Real permission:

Swipe till the end. Tomorrow-you can handle tomorrow's list.

Save this - share with someone who needs it.
More at www.shiwalay.com

#peace #mentalhealth #shiwalay #selfgrowth","Real permission:

Tomorrow-you can handle tomorrow's list.

www.shiwalay.com #peace #mentalhealth"
22,2026-09-03,16:00,hide-this-secrets,Your Next Move,numberless/blacklight-all/hide-this-secrets/01-your-next-move,"Announce a goal, and your brain

Swipe till the end. Reveal results, not plans.

Save this - share with someone who needs it.
More at www.shiwalay.com

#privacy #strategy #shiwalay #selfgrowth","Announce a goal, and your brain

Reveal results, not plans.

www.shiwalay.com #privacy #strategy"
22,2026-09-03,20:00,try-this-trick,Mirror The Last Words,numberless/blacklight-all/try-this-trick/06-mirror-the-last-words,"Repeat the last few words someone said,

Swipe till the end. The best conversationalists talk the least.

Save this - share with someone who needs it.
More at www.shiwalay.com

#lifehacks #psychology #shiwalay #selfgrowth","Repeat the last few words someone said,

The best conversationalists talk the least.

www.shiwalay.com #lifehacks #psychology"
23,2026-09-04,08:00,hit-hard,Nobody Is Watching,numberless/blacklight-all/hit-hard/04-nobody-is-watching,"The audience you fear

Swipe till the end. Nobody's watching. So live.

Save this - share with someone who needs it.
More at www.shiwalay.com

#hardtruths #discipline #shiwalay #selfgrowth","The audience you fear

Nobody's watching. So live.

www.shiwalay.com #hardtruths #discipline"
23,2026-09-04,12:00,system-works,Ads Sell Feelings,numberless/blacklight-all/system-works/05-ads-sell-feelings,"Ads don't sell products.

Swipe till the end. Buy the product if you need it. Never buy the feeling.

Save this - share with someone who needs it.
More at www.shiwalay.com

#financialliteracy #systems #shiwalay #selfgrowth","Ads don't sell products.

Buy the product if you need it. Never buy the feeling.

www.shiwalay.com #financialliteracy #systems"
23,2026-09-04,16:00,faith,Surrender Isn't Weakness,numberless/blacklight-all/faith/09-surrender-isn-t-weakness,"Letting go sounds like giving up.

Swipe till the end. Do your part fully. Trust the rest.

Save this - share with someone who needs it.
More at www.shiwalay.com

#faith #trust #shiwalay #selfgrowth","Letting go sounds like giving up.

Do your part fully. Trust the rest.

www.shiwalay.com #faith #trust"
23,2026-09-04,20:00,listen-carefully,Compliments Are Autobiographies,numberless/blacklight-all/listen-carefully/09-compliments-are-autobiographies,"Listen to what people

Swipe till the end. Compliments describe the giver as much as the receiver.

Save this - share with someone who needs it.
More at www.shiwalay.com

#communication #psychology #shiwalay #selfgrowth","Listen to what people

Compliments describe the giver as much as the receiver.

www.shiwalay.com #communication #psychology"
24,2026-09-05,08:00,family,What They'll Remember,numberless/blacklight-all/family/20-what-they-ll-remember,"Your family won't remember

Swipe till the end. Be in the memories, not just in the photos of them.

Save this - share with someone who needs it.
More at www.shiwalay.com

#family #relationships #shiwalay #selfgrowth","Your family won't remember

Be in the memories, not just in the photos of them.

www.shiwalay.com #family #relationships"
24,2026-09-05,12:00,fulfilment,Seasons,numberless/blacklight-all/fulfilment/16-seasons,"You're trying to bloom in every season.

Swipe till the end. Know your season, and stop failing at the wrong test.

Save this - share with someone who needs it.
More at www.shiwalay.com

#fulfilment #meaning #shiwalay #selfgrowth","You're trying to bloom in every season.

Know your season, and stop failing at the wrong test.

www.shiwalay.com #fulfilment #meaning"
24,2026-09-05,16:00,self-protection,Savings Are Armor,numberless/blacklight-all/self-protection/13-savings-are-armor,"One emergency away from crisis?

Swipe till the end. Savings are boundaries in cash form.

Save this - share with someone who needs it.
More at www.shiwalay.com

#boundaries #selfrespect #shiwalay #selfgrowth","One emergency away from crisis?

Savings are boundaries in cash form.

www.shiwalay.com #boundaries #selfrespect"
24,2026-09-05,20:00,dark-manipulation,Foot In The Door,numberless/blacklight-all/dark-manipulation/14-foot-in-the-door,"A small request first.

Swipe till the end. Evaluate every request fresh, as if it were the first.

Save this - share with someone who needs it.
More at www.shiwalay.com

#psychology #awareness #shiwalay #selfgrowth","A small request first.

Evaluate every request fresh, as if it were the first.

www.shiwalay.com #psychology #awareness"
25,2026-09-06,08:00,avoid-this-mistakes,Overpromising,numberless/blacklight-all/avoid-this-mistakes/17-overpromising,"Every promise is a loan

Swipe till the end. Promise less. Deliver more.

Save this - share with someone who needs it.
More at www.shiwalay.com

#lifelessons #mistakes #shiwalay #selfgrowth","Every promise is a loan

Promise less. Deliver more.

www.shiwalay.com #lifelessons #mistakes"
25,2026-09-06,12:00,system-works,The EMI Illusion,numberless/blacklight-all/system-works/06-the-emi-illusion,"""Low EMI"" is a design,

Swipe till the end. Always ask the total price, never the monthly one.

Save this - share with someone who needs it.
More at www.shiwalay.com

#financialliteracy #systems #shiwalay #selfgrowth","""Low EMI"" is a design,

Always ask the total price, never the monthly one.

www.shiwalay.com #financialliteracy #systems"
25,2026-09-06,16:00,gita,Work As Yoga,numberless/blacklight-all/gita/16-work-as-yoga,"What if your work could become a spiritual practice?

Swipe till the end. The quality of consciousness you bring to work can matter as much as the work itself.

Save this - share with someone who needs it.
More at www.shiwalay.com

#bhagavadgita #dharma #shiwalay #selfgrowth","What if your work could become a spiritual practice?

The quality of consciousness you bring to work can matter as much as the work itself.

www.shiwalay.com #bhagavadgita #dharma"
25,2026-09-06,20:00,hide-this-secrets,Your Exit Plans,numberless/blacklight-all/hide-this-secrets/14-your-exit-plans,"Leaving a job? A city?

Swipe till the end. Announce departures after they're done.

Save this - share with someone who needs it.
More at www.shiwalay.com

#privacy #strategy #shiwalay #selfgrowth","Leaving a job? A city?

Announce departures after they're done.

www.shiwalay.com #privacy #strategy"
26,2026-09-07,08:00,love-to-read,The Life You're Envious Of,numberless/blacklight-all/love-to-read/12-the-life-you-re-envious-of,"Jealous of someone's life?

Swipe till the end. Envy can become useful when you translate it into information.

Save this - share with someone who needs it.
More at www.shiwalay.com

#life #wisdom #shiwalay #selfgrowth","Jealous of someone's life?

Envy can become useful when you translate it into information.

www.shiwalay.com #life #wisdom"
26,2026-09-07,12:00,fulfilment,The Gratitude Rewire,numberless/blacklight-all/fulfilment/15-the-gratitude-rewire,"Your brain hunts for what's wrong.

Swipe till the end. Gratitude isn't denial. It's accuracy.

Save this - share with someone who needs it.
More at www.shiwalay.com

#fulfilment #meaning #shiwalay #selfgrowth","Your brain hunts for what's wrong.

Gratitude isn't denial. It's accuracy.

www.shiwalay.com #fulfilment #meaning"
26,2026-09-07,16:00,try-this-trick,The 2-Minute Doorway,numberless/blacklight-all/try-this-trick/01-the-2-minute-doorway,"Can't start?

Swipe till the end. Motivation follows action. Not the other way around.

Save this - share with someone who needs it.
More at www.shiwalay.com

#lifehacks #psychology #shiwalay #selfgrowth","Can't start?

Motivation follows action. Not the other way around.

www.shiwalay.com #lifehacks #psychology"
26,2026-09-07,20:00,money,The Last Rs 1 Crore,numberless/blacklight-all/money/20-the-last-rs-1-crore,"Imagine waking up tomorrow with Rs 1 crore in your account.

Swipe till the end. The ultimate wealth isn't having more money. It's becoming someone who knows what to do with it.

Save this - share with someone who needs it.
More at www.shiwalay.com

#money #wealth #shiwalay #selfgrowth","Imagine waking up tomorrow with Rs 1 crore in your account.

The ultimate wealth isn't having more money. It's becoming someone who knows what to do with it.

www.shiwalay.com #money #wealth"
27,2026-09-08,08:00,dark-manipulation,Negging,numberless/blacklight-all/dark-manipulation/10-negging,"""You're smart...

Swipe till the end. You don't need approval from someone shrinking you.

Save this - share with someone who needs it.
More at www.shiwalay.com

#psychology #awareness #shiwalay #selfgrowth","""You're smart...

You don't need approval from someone shrinking you.

www.shiwalay.com #psychology #awareness"
27,2026-09-08,12:00,family,Love Your Partner Visibly,numberless/blacklight-all/family/12-love-your-partner-visibly,"You stopped dating after marriage.

Swipe till the end. The best parenting is often loving your partner visibly.

Save this - share with someone who needs it.
More at www.shiwalay.com

#family #relationships #shiwalay #selfgrowth","You stopped dating after marriage.

The best parenting is often loving your partner visibly.

www.shiwalay.com #family #relationships"
27,2026-09-08,16:00,try-this-3-things,To Learn Anything,numberless/blacklight-all/try-this-3-things/08-to-learn-anything,"Studying but forgetting?

Swipe till the end. Struggle is the feeling of learning working.

Save this - share with someone who needs it.
More at www.shiwalay.com

#selfimprovement #habits #shiwalay #selfgrowth","Studying but forgetting?

Struggle is the feeling of learning working.

www.shiwalay.com #selfimprovement #habits"
27,2026-09-08,20:00,must-learn-before-40,How To Carry Grief,numberless/blacklight-all/must-learn-before-40/10-how-to-carry-grief,"By 40, loss will have visited.

Swipe till the end. Carrying it well is how love continues its work.

Save this - share with someone who needs it.
More at www.shiwalay.com

#lifelessons #growth #shiwalay #selfgrowth","By 40, loss will have visited.

Carrying it well is how love continues its work.

www.shiwalay.com #lifelessons #growth"
28,2026-09-09,08:00,modern-wisdom,Own Your Platform,numberless/blacklight-all/modern-wisdom/10-own-your-platform,"Your followers aren't yours.

Swipe till the end. Build on land you own.

Save this - share with someone who needs it.
More at www.shiwalay.com

#modernlife #wisdom #shiwalay #selfgrowth","Your followers aren't yours.

Build on land you own.

www.shiwalay.com #modernlife #wisdom"
28,2026-09-09,12:00,take-it-easy,It's A Draft,numberless/blacklight-all/take-it-easy/10-it-s-a-draft,"Today isn't a verdict.

Swipe till the end. Edit tomorrow. Rest tonight.

Save this - share with someone who needs it.
More at www.shiwalay.com

#peace #mentalhealth #shiwalay #selfgrowth","Today isn't a verdict.

Edit tomorrow. Rest tonight.

www.shiwalay.com #peace #mentalhealth"
28,2026-09-09,16:00,your-enemies,The Imaginary Enemy,numberless/blacklight-all/your-enemies/07-the-imaginary-enemy,"Some enemies exist

Swipe till the end. Evict imaginary enemies first.

Save this - share with someone who needs it.
More at www.shiwalay.com

#mindset #growth #shiwalay #selfgrowth","Some enemies exist

Evict imaginary enemies first.

www.shiwalay.com #mindset #growth"
28,2026-09-09,20:00,think-they-are,You Think You're Ambitious,numberless/blacklight-all/think-they-are/01-you-think-you-re-ambitious,"You think you're ambitious.

Swipe till the end. Ambition isn't what you want. It's what you're willing to consistently prioritize.

Save this - share with someone who needs it.
More at www.shiwalay.com

#selfawareness #truth #shiwalay #selfgrowth","You think you're ambitious.

Ambition isn't what you want. It's what you're willing to consistently prioritize.

www.shiwalay.com #selfawareness #truth"
29,2026-09-10,08:00,if-you-are-starting-again,Hold Plans Loosely,numberless/blacklight-all/if-you-are-starting-again/10-hold-plans-loosely,"If I were starting again:

Swipe till the end. Commit to direction. Stay flexible on route.

Save this - share with someone who needs it.
More at www.shiwalay.com

#lifelessons #adviceto20s #shiwalay #selfgrowth","If I were starting again:

Commit to direction. Stay flexible on route.

www.shiwalay.com #lifelessons #adviceto20s"
29,2026-09-10,12:00,self-protection,No Is A Complete Sentence,numberless/blacklight-all/self-protection/02-no-is-a-complete-sentence,"You explain yourself too much.

Swipe till the end. State. Don't justify.

Save this - share with someone who needs it.
More at www.shiwalay.com

#boundaries #selfrespect #shiwalay #selfgrowth","You explain yourself too much.

State. Don't justify.

www.shiwalay.com #boundaries #selfrespect"
29,2026-09-10,16:00,faith,The Anchor,numberless/blacklight-all/faith/12-the-anchor,"Everyone worships something.

Swipe till the end. Anchor into what doesn't change with your circumstances.

Save this - share with someone who needs it.
More at www.shiwalay.com

#faith #trust #shiwalay #selfgrowth","Everyone worships something.

Anchor into what doesn't change with your circumstances.

www.shiwalay.com #faith #trust"
29,2026-09-10,20:00,never-give-up,The Last Key,numberless/blacklight-all/never-give-up/05-the-last-key,"A ring of 100 keys.

Swipe till the end. Keep turning keys.

Save this - share with someone who needs it.
More at www.shiwalay.com

#motivation #persistence #shiwalay #selfgrowth","A ring of 100 keys.

Keep turning keys.

www.shiwalay.com #motivation #persistence"
30,2026-09-11,08:00,hit-hard,The Mirror Keeps Records,numberless/blacklight-all/hit-hard/18-the-mirror-keeps-records,"Others can be fooled.

Swipe till the end. Win the mirror's respect first. The world's follows.

Save this - share with someone who needs it.
More at www.shiwalay.com

#hardtruths #discipline #shiwalay #selfgrowth","Others can be fooled.

Win the mirror's respect first. The world's follows.

www.shiwalay.com #hardtruths #discipline"
30,2026-09-11,12:00,freedom,Quiet Freedom,numberless/blacklight-all/freedom/10-quiet-freedom,"Freedom looks loud on Instagram.

Swipe till the end. Don't chase the picture of freedom and lose the real thing.

Save this - share with someone who needs it.
More at www.shiwalay.com

#freedom #lifedesign #shiwalay #selfgrowth","Freedom looks loud on Instagram.

Don't chase the picture of freedom and lose the real thing.

www.shiwalay.com #freedom #lifedesign"
30,2026-09-11,16:00,friends,The Eulogy Test,numberless/blacklight-all/friends/20-the-eulogy-test,"A strange question:

Swipe till the end. Friendship is measured in shown-up moments.

Save this - share with someone who needs it.
More at www.shiwalay.com

#friendship #connection #shiwalay #selfgrowth","A strange question:

Friendship is measured in shown-up moments.

www.shiwalay.com #friendship #connection"
30,2026-09-11,20:00,listen-carefully,Listen Before It's Silent,numberless/blacklight-all/listen-carefully/20-listen-before-it-s-silent,"Your father's repeated stories.

Swipe till the end. Some voices you'll wish you'd recorded. Listen now.

Save this - share with someone who needs it.
More at www.shiwalay.com

#communication #psychology #shiwalay #selfgrowth","Your father's repeated stories.

Some voices you'll wish you'd recorded. Listen now.

www.shiwalay.com #communication #psychology"
31,2026-09-12,08:00,modern-wisdom,Skills Beat Degrees,numberless/blacklight-all/modern-wisdom/08-skills-beat-degrees,"A degree got your parents a career.

Swipe till the end. Build a portfolio, not just a resume.

Save this - share with someone who needs it.
More at www.shiwalay.com

#modernlife #wisdom #shiwalay #selfgrowth","A degree got your parents a career.

Build a portfolio, not just a resume.

www.shiwalay.com #modernlife #wisdom"
31,2026-09-12,12:00,must-learn-before-40,How Money Compounds,numberless/blacklight-all/must-learn-before-40/01-how-money-compounds,"Compounding is invisible for years.

Swipe till the end. Learn it before 40 - or spend your life funding someone who did.

Save this - share with someone who needs it.
More at www.shiwalay.com

#lifelessons #growth #shiwalay #selfgrowth","Compounding is invisible for years.

Learn it before 40 - or spend your life funding someone who did.

www.shiwalay.com #lifelessons #growth"
31,2026-09-12,16:00,never-give-up,"Quit Strategies, Not Visions",numberless/blacklight-all/never-give-up/19-quit-strategies-not-visions,"Real talk:

Swipe till the end. Never give up the vision. Freely upgrade the vehicle.

Save this - share with someone who needs it.
More at www.shiwalay.com

#motivation #persistence #shiwalay #selfgrowth","Real talk:

Never give up the vision. Freely upgrade the vehicle.

www.shiwalay.com #motivation #persistence"
31,2026-09-12,20:00,think-they-are,You Think You're Patient,numberless/blacklight-all/think-they-are/10-you-think-you-re-patient,"You think you're patient.

Swipe till the end. Patience isn't waiting. It's who you become while waiting.

Save this - share with someone who needs it.
More at www.shiwalay.com

#selfawareness #truth #shiwalay #selfgrowth","You think you're patient.

Patience isn't waiting. It's who you become while waiting.

www.shiwalay.com #selfawareness #truth"
32,2026-09-13,08:00,faith,Control Is A Myth,numberless/blacklight-all/faith/03-control-is-a-myth,"You control almost nothing.

Swipe till the end. It's finding peace after admitting you don't.

Save this - share with someone who needs it.
More at www.shiwalay.com

#faith #trust #shiwalay #selfgrowth","You control almost nothing.

It's finding peace after admitting you don't.

www.shiwalay.com #faith #trust"
32,2026-09-13,12:00,listen-carefully,The Repeated Story,numberless/blacklight-all/listen-carefully/07-the-repeated-story,"Notice the story someone

Swipe till the end. Repetition is where the pain lives.

Save this - share with someone who needs it.
More at www.shiwalay.com

#communication #psychology #shiwalay #selfgrowth","Notice the story someone

Repetition is where the pain lives.

www.shiwalay.com #communication #psychology"
32,2026-09-13,16:00,gita,Don't Escape Your Duty,numberless/blacklight-all/gita/11-don-t-escape-your-duty,"Arjuna wanted to walk away from the battlefield.

Swipe till the end. Peace is not always walking away. Sometimes peace comes from facing what is yours to face.

Save this - share with someone who needs it.
More at www.shiwalay.com

#bhagavadgita #dharma #shiwalay #selfgrowth","Arjuna wanted to walk away from the battlefield.

Peace is not always walking away. Sometimes peace comes from facing what is yours to face.

www.shiwalay.com #bhagavadgita #dharma"
32,2026-09-13,20:00,friends,The Honest Friend,numberless/blacklight-all/friends/07-the-honest-friend,"A friend who always agrees

Swipe till the end. Flattery is common. Honesty is rare. Keep the rare.

Save this - share with someone who needs it.
More at www.shiwalay.com

#friendship #connection #shiwalay #selfgrowth","A friend who always agrees

Flattery is common. Honesty is rare. Keep the rare.

www.shiwalay.com #friendship #connection"
33,2026-09-14,08:00,freedom,Freedom Isn't Alone,numberless/blacklight-all/freedom/19-freedom-isn-t-alone,"""Free"" doesn't mean needing nobody.

Swipe till the end. The freest relationships are the ones you re-choose every day.

Save this - share with someone who needs it.
More at www.shiwalay.com

#freedom #lifedesign #shiwalay #selfgrowth","""Free"" doesn't mean needing nobody.

The freest relationships are the ones you re-choose every day.

www.shiwalay.com #freedom #lifedesign"
33,2026-09-14,12:00,dark-manipulation,Future Faking,numberless/blacklight-all/dark-manipulation/08-future-faking,"""Next year, we'll...""

Swipe till the end. Judge people by delivered pasts, not promised futures.

Save this - share with someone who needs it.
More at www.shiwalay.com

#psychology #awareness #shiwalay #selfgrowth","""Next year, we'll...""

Judge people by delivered pasts, not promised futures.

www.shiwalay.com #psychology #awareness"
33,2026-09-14,16:00,love-to-read,The Most Attractive Person,numberless/blacklight-all/love-to-read/06-the-most-attractive-person,"The most attractive person in the room isn't always the best-looking.

Swipe till the end. Charisma isn't always being impressive. Sometimes it's making others feel important.

Save this - share with someone who needs it.
More at www.shiwalay.com

#life #wisdom #shiwalay #selfgrowth","The most attractive person in the room isn't always the best-looking.

Charisma isn't always being impressive. Sometimes it's making others feel important.

www.shiwalay.com #life #wisdom"
33,2026-09-14,20:00,avoid-this-mistakes,Knowing Without Doing,numberless/blacklight-all/avoid-this-mistakes/19-knowing-without-doing,"You know the books.

Swipe till the end. One thing done beats ten things known.

Save this - share with someone who needs it.
More at www.shiwalay.com

#lifelessons #mistakes #shiwalay #selfgrowth","You know the books.

One thing done beats ten things known.

www.shiwalay.com #lifelessons #mistakes"
34,2026-09-15,08:00,money,The Money Identity,numberless/blacklight-all/money/15-the-money-identity,"Your income may have an invisible ceiling.

Swipe till the end. Before changing your bank balance, sometimes you must change your identity.

Save this - share with someone who needs it.
More at www.shiwalay.com

#money #wealth #shiwalay #selfgrowth","Your income may have an invisible ceiling.

Before changing your bank balance, sometimes you must change your identity.

www.shiwalay.com #money #wealth"
34,2026-09-15,12:00,fulfilment,Unlived Lives,numberless/blacklight-all/fulfilment/18-unlived-lives,"That ache you can't name?

Swipe till the end. You can't live every life. You can stop starving the one you chose.

Save this - share with someone who needs it.
More at www.shiwalay.com

#fulfilment #meaning #shiwalay #selfgrowth","That ache you can't name?

You can't live every life. You can stop starving the one you chose.

www.shiwalay.com #fulfilment #meaning"
34,2026-09-15,16:00,self-protection,The Energy Audit,numberless/blacklight-all/self-protection/04-the-energy-audit,"List the five people you see most.

Swipe till the end. Protect your energy like your income depends on it. It does.

Save this - share with someone who needs it.
More at www.shiwalay.com

#boundaries #selfrespect #shiwalay #selfgrowth","List the five people you see most.

Protect your energy like your income depends on it. It does.

www.shiwalay.com #boundaries #selfrespect"
34,2026-09-15,20:00,system-works,The News Business,numberless/blacklight-all/system-works/11-the-news-business,"News isn't information.

Swipe till the end. Read history for perspective. Ration the headlines.

Save this - share with someone who needs it.
More at www.shiwalay.com

#financialliteracy #systems #shiwalay #selfgrowth","News isn't information.

Read history for perspective. Ration the headlines.

www.shiwalay.com #financialliteracy #systems"
35,2026-09-16,08:00,try-this-trick,Tuesday Or Thursday,numberless/blacklight-all/try-this-trick/17-tuesday-or-thursday,"Don't ask:

Swipe till the end. Offer paths, not puzzles.

Save this - share with someone who needs it.
More at www.shiwalay.com

#lifehacks #psychology #shiwalay #selfgrowth","Don't ask:

Offer paths, not puzzles.

www.shiwalay.com #lifehacks #psychology"
35,2026-09-16,12:00,family,Presence Over Provision,numberless/blacklight-all/family/02-presence-over-provision,"You work hard FOR your family.

Swipe till the end. Your family needs your attention more than your achievements.

Save this - share with someone who needs it.
More at www.shiwalay.com

#family #relationships #shiwalay #selfgrowth","You work hard FOR your family.

Your family needs your attention more than your achievements.

www.shiwalay.com #family #relationships"
35,2026-09-16,16:00,your-enemies,Don't Become What Fights You,numberless/blacklight-all/your-enemies/10-don-t-become-what-fights-you,"Fight carefully.

Swipe till the end. Defeat the thing without becoming the thing.

Save this - share with someone who needs it.
More at www.shiwalay.com

#mindset #growth #shiwalay #selfgrowth","Fight carefully.

Defeat the thing without becoming the thing.

www.shiwalay.com #mindset #growth"
35,2026-09-16,20:00,hit-hard,You Taught Them,numberless/blacklight-all/hit-hard/13-you-taught-them,"People treat you

Swipe till the end. Reteach it.

Save this - share with someone who needs it.
More at www.shiwalay.com

#hardtruths #discipline #shiwalay #selfgrowth","People treat you

Reteach it.

www.shiwalay.com #hardtruths #discipline"
36,2026-09-17,08:00,try-this-3-things,To Beat Procrastination,numberless/blacklight-all/try-this-3-things/16-to-beat-procrastination,"Stuck at the start?

Swipe till the end. Make starting easy and stopping expensive.

Save this - share with someone who needs it.
More at www.shiwalay.com

#selfimprovement #habits #shiwalay #selfgrowth","Stuck at the start?

Make starting easy and stopping expensive.

www.shiwalay.com #selfimprovement #habits"
36,2026-09-17,12:00,take-it-easy,You're Not That Late,numberless/blacklight-all/take-it-easy/01-you-re-not-that-late,"Late according to whom?

Swipe till the end. You're not late. You're on route.

Save this - share with someone who needs it.
More at www.shiwalay.com

#peace #mentalhealth #shiwalay #selfgrowth","Late according to whom?

You're not late. You're on route.

www.shiwalay.com #peace #mentalhealth"
36,2026-09-17,16:00,hide-this-secrets,Your Verdicts On People,numberless/blacklight-all/hide-this-secrets/16-your-verdicts-on-people,"You don't have to voice

Swipe till the end. The unspoken verdict keeps every door open.

Save this - share with someone who needs it.
More at www.shiwalay.com

#privacy #strategy #shiwalay #selfgrowth","You don't have to voice

The unspoken verdict keeps every door open.

www.shiwalay.com #privacy #strategy"
36,2026-09-17,20:00,if-you-are-starting-again,Guard Attention From Day One,numberless/blacklight-all/if-you-are-starting-again/04-guard-attention-from-day-one,"If I were starting again:

Swipe till the end. Whoever gets your attention gets your life.

Save this - share with someone who needs it.
More at www.shiwalay.com

#lifelessons #adviceto20s #shiwalay #selfgrowth","If I were starting again:

Whoever gets your attention gets your life.

www.shiwalay.com #lifelessons #adviceto20s"
37,2026-09-18,08:00,love-to-read,You Don't Need Everyone,numberless/blacklight-all/love-to-read/08-you-don-t-need-everyone,"You don't need everyone to like you.

Swipe till the end. A small circle of real people is worth more than a crowd of spectators.

Save this - share with someone who needs it.
More at www.shiwalay.com

#life #wisdom #shiwalay #selfgrowth","You don't need everyone to like you.

A small circle of real people is worth more than a crowd of spectators.

www.shiwalay.com #life #wisdom"
37,2026-09-18,12:00,hide-this-secrets,Your Digital Keys,numberless/blacklight-all/hide-this-secrets/13-your-digital-keys,"No love requires

Swipe till the end. Keep your digital keys personal. Always.

Save this - share with someone who needs it.
More at www.shiwalay.com

#privacy #strategy #shiwalay #selfgrowth","No love requires

Keep your digital keys personal. Always.

www.shiwalay.com #privacy #strategy"
37,2026-09-18,16:00,try-this-trick,Dress The Part,numberless/blacklight-all/try-this-trick/19-dress-the-part,"Working from bed in pyjamas?

Swipe till the end. Costume changes conduct.

Save this - share with someone who needs it.
More at www.shiwalay.com

#lifehacks #psychology #shiwalay #selfgrowth","Working from bed in pyjamas?

Costume changes conduct.

www.shiwalay.com #lifehacks #psychology"
37,2026-09-18,20:00,listen-carefully,Small Complaints Are Big,numberless/blacklight-all/listen-carefully/03-small-complaints-are-big,"Nobody leaves suddenly.

Swipe till the end. Listen while it's still fixable.

Save this - share with someone who needs it.
More at www.shiwalay.com

#communication #psychology #shiwalay #selfgrowth","Nobody leaves suddenly.

Listen while it's still fixable.

www.shiwalay.com #communication #psychology"
38,2026-09-19,08:00,hit-hard,Excuses Convince One Person,numberless/blacklight-all/hit-hard/07-excuses-convince-one-person,"Your excuses sound perfect...

Swipe till the end. Deliver or adjust. Nothing else counts.

Save this - share with someone who needs it.
More at www.shiwalay.com

#hardtruths #discipline #shiwalay #selfgrowth","Your excuses sound perfect...

Deliver or adjust. Nothing else counts.

www.shiwalay.com #hardtruths #discipline"
38,2026-09-19,12:00,your-enemies,Never Explain To Haters,numberless/blacklight-all/your-enemies/08-never-explain-to-haters,"Haters don't want clarity.

Swipe till the end. Save your breath for people still using their ears.

Save this - share with someone who needs it.
More at www.shiwalay.com

#mindset #growth #shiwalay #selfgrowth","Haters don't want clarity.

Save your breath for people still using their ears.

www.shiwalay.com #mindset #growth"
38,2026-09-19,16:00,system-works,Networks Decide,numberless/blacklight-all/system-works/14-networks-decide,"Opportunities flow through people,

Swipe till the end. Build relationships before you need them.

Save this - share with someone who needs it.
More at www.shiwalay.com

#financialliteracy #systems #shiwalay #selfgrowth","Opportunities flow through people,

Build relationships before you need them.

www.shiwalay.com #financialliteracy #systems"
38,2026-09-19,20:00,avoid-this-mistakes,Postponing Joy,numberless/blacklight-all/avoid-this-mistakes/20-postponing-joy,"""After this project.

Swipe till the end. Schedule some joy in this month's calendar.

Save this - share with someone who needs it.
More at www.shiwalay.com

#lifelessons #mistakes #shiwalay #selfgrowth","""After this project.

Schedule some joy in this month's calendar.

www.shiwalay.com #lifelessons #mistakes"
39,2026-09-20,08:00,if-you-are-starting-again,The Compounding Decade,numberless/blacklight-all/if-you-are-starting-again/03-the-compounding-decade,"If I were starting again:

Swipe till the end. Your twenties are compounding's favorite decade.

Save this - share with someone who needs it.
More at www.shiwalay.com

#lifelessons #adviceto20s #shiwalay #selfgrowth","If I were starting again:

Your twenties are compounding's favorite decade.

www.shiwalay.com #lifelessons #adviceto20s"
39,2026-09-20,12:00,fulfilment,Curiosity Over Passion,numberless/blacklight-all/fulfilment/13-curiosity-over-passion,"""Find your passion"" is overrated advice.

Swipe till the end. Curiosity followed daily becomes passion eventually.

Save this - share with someone who needs it.
More at www.shiwalay.com

#fulfilment #meaning #shiwalay #selfgrowth","""Find your passion"" is overrated advice.

Curiosity followed daily becomes passion eventually.

www.shiwalay.com #fulfilment #meaning"
39,2026-09-20,16:00,modern-wisdom,The Boredom Advantage,numberless/blacklight-all/modern-wisdom/06-the-boredom-advantage,"Nobody can be bored anymore.

Swipe till the end. The person who can still be bored has a superpower.

Save this - share with someone who needs it.
More at www.shiwalay.com

#modernlife #wisdom #shiwalay #selfgrowth","Nobody can be bored anymore.

The person who can still be bored has a superpower.

www.shiwalay.com #modernlife #wisdom"
39,2026-09-20,20:00,freedom,The Freedom Budget,numberless/blacklight-all/freedom/17-the-freedom-budget,"You budget money.

Swipe till the end. Cancel what no longer serves who you're becoming.

Save this - share with someone who needs it.
More at www.shiwalay.com

#freedom #lifedesign #shiwalay #selfgrowth","You budget money.

Cancel what no longer serves who you're becoming.

www.shiwalay.com #freedom #lifedesign"
40,2026-09-21,08:00,must-learn-before-40,How To Negotiate,numberless/blacklight-all/must-learn-before-40/07-how-to-negotiate,"One conversation can be

Swipe till the end. Ask. The worst case is where you already are.

Save this - share with someone who needs it.
More at www.shiwalay.com

#lifelessons #growth #shiwalay #selfgrowth","One conversation can be

Ask. The worst case is where you already are.

www.shiwalay.com #lifelessons #growth"
40,2026-09-21,12:00,try-this-3-things,Before Any Big Decision,numberless/blacklight-all/try-this-3-things/20-before-any-big-decision,"About to decide big?

Swipe till the end. Slow decisions, fast execution. Most people reverse it.

Save this - share with someone who needs it.
More at www.shiwalay.com

#selfimprovement #habits #shiwalay #selfgrowth","About to decide big?

Slow decisions, fast execution. Most people reverse it.

www.shiwalay.com #selfimprovement #habits"
40,2026-09-21,16:00,dark-manipulation,Guilt Tripping,numberless/blacklight-all/dark-manipulation/03-guilt-tripping,"""After everything

Swipe till the end. You don't owe your life to someone's ledger.

Save this - share with someone who needs it.
More at www.shiwalay.com

#psychology #awareness #shiwalay #selfgrowth","""After everything

You don't owe your life to someone's ledger.

www.shiwalay.com #psychology #awareness"
40,2026-09-21,20:00,family,"Kids Copy, Not Listen",numberless/blacklight-all/family/04-kids-copy-not-listen,"Your child ignores your lectures.

Swipe till the end. Don't raise a child with words you don't live.

Save this - share with someone who needs it.
More at www.shiwalay.com

#family #relationships #shiwalay #selfgrowth","Your child ignores your lectures.

Don't raise a child with words you don't live.

www.shiwalay.com #family #relationships"
41,2026-09-22,08:00,never-give-up,Borrowed Belief,numberless/blacklight-all/never-give-up/15-borrowed-belief,"Some days your belief runs out.

Swipe till the end. Belief returns. Until then, run on borrowed light.

Save this - share with someone who needs it.
More at www.shiwalay.com

#motivation #persistence #shiwalay #selfgrowth","Some days your belief runs out.

Belief returns. Until then, run on borrowed light.

www.shiwalay.com #motivation #persistence"
41,2026-09-22,12:00,take-it-easy,Skip The Argument,numberless/blacklight-all/take-it-easy/12-skip-the-argument,"You're invited to arguments daily.

Swipe till the end. Peace is often just a declined invitation.

Save this - share with someone who needs it.
More at www.shiwalay.com

#peace #mentalhealth #shiwalay #selfgrowth","You're invited to arguments daily.

Peace is often just a declined invitation.

www.shiwalay.com #peace #mentalhealth"
41,2026-09-22,16:00,friends,The Apology That's Due,numberless/blacklight-all/friends/13-the-apology-that-s-due,"You were wrong that time.

Swipe till the end. A late apology still beats a permanent one.

Save this - share with someone who needs it.
More at www.shiwalay.com

#friendship #connection #shiwalay #selfgrowth","You were wrong that time.

A late apology still beats a permanent one.

www.shiwalay.com #friendship #connection"
41,2026-09-22,20:00,think-they-are,You Think You're Rich,numberless/blacklight-all/think-they-are/04-you-think-you-re-rich,"You think you're wealthy.

Swipe till the end. Real wealth is what remains when the symbols disappear.

Save this - share with someone who needs it.
More at www.shiwalay.com

#selfawareness #truth #shiwalay #selfgrowth","You think you're wealthy.

Real wealth is what remains when the symbols disappear.

www.shiwalay.com #selfawareness #truth"
42,2026-09-23,08:00,faith,Fear And Faith,numberless/blacklight-all/faith/01-fear-and-faith,"Fear and faith make the same demand.

Swipe till the end. You're already a believer. Choose the direction.

Save this - share with someone who needs it.
More at www.shiwalay.com

#faith #trust #shiwalay #selfgrowth","Fear and faith make the same demand.

You're already a believer. Choose the direction.

www.shiwalay.com #faith #trust"
42,2026-09-23,12:00,gita,Desire Can Become A Chain,numberless/blacklight-all/gita/06-desire-can-become-a-chain,"You want something.

Swipe till the end. Want deeply. But don't become owned by what you want.

Save this - share with someone who needs it.
More at www.shiwalay.com

#bhagavadgita #dharma #shiwalay #selfgrowth","You want something.

Want deeply. But don't become owned by what you want.

www.shiwalay.com #bhagavadgita #dharma"
42,2026-09-23,16:00,money,One Skill Can Change Your Income,numberless/blacklight-all/money/16-one-skill-can-change-your-income,"You don't need 20 new skills.

Swipe till the end. Skill × Demand × Distribution = Opportunity.

Save this - share with someone who needs it.
More at www.shiwalay.com

#money #wealth #shiwalay #selfgrowth","You don't need 20 new skills.

Skill × Demand × Distribution = Opportunity.

www.shiwalay.com #money #wealth"
42,2026-09-23,20:00,self-protection,The Pause,numberless/blacklight-all/self-protection/11-the-pause,"Between insult and reaction,

Swipe till the end. The pause is self-protection.

Save this - share with someone who needs it.
More at www.shiwalay.com

#boundaries #selfrespect #shiwalay #selfgrowth","Between insult and reaction,

The pause is self-protection.

www.shiwalay.com #boundaries #selfrespect"
43,2026-09-24,08:00,self-protection,Keep Some Cards Hidden,numberless/blacklight-all/self-protection/18-keep-some-cards-hidden,"Honesty is a virtue.

Swipe till the end. Share warmth freely. Share data carefully.

Save this - share with someone who needs it.
More at www.shiwalay.com

#boundaries #selfrespect #shiwalay #selfgrowth","Honesty is a virtue.

Share warmth freely. Share data carefully.

www.shiwalay.com #boundaries #selfrespect"
43,2026-09-24,12:00,system-works,The Silent Tax,numberless/blacklight-all/system-works/03-the-silent-tax,"Your savings shrink while you sleep.

Swipe till the end. Park wealth in assets, not just accounts.

Save this - share with someone who needs it.
More at www.shiwalay.com

#financialliteracy #systems #shiwalay #selfgrowth","Your savings shrink while you sleep.

Park wealth in assets, not just accounts.

www.shiwalay.com #financialliteracy #systems"
43,2026-09-24,16:00,take-it-easy,Put It Down Slowly,numberless/blacklight-all/take-it-easy/16-put-it-down-slowly,"You don't need a digital detox retreat.

Swipe till the end. Small distance. Big peace.

Save this - share with someone who needs it.
More at www.shiwalay.com

#peace #mentalhealth #shiwalay #selfgrowth","You don't need a digital detox retreat.

Small distance. Big peace.

www.shiwalay.com #peace #mentalhealth"
43,2026-09-24,20:00,dark-manipulation,Moving The Goalposts,numberless/blacklight-all/dark-manipulation/06-moving-the-goalposts,"You met the demand.

Swipe till the end. Stop playing games designed to be unwinnable.

Save this - share with someone who needs it.
More at www.shiwalay.com

#psychology #awareness #shiwalay #selfgrowth","You met the demand.

Stop playing games designed to be unwinnable.

www.shiwalay.com #psychology #awareness"
44,2026-09-25,08:00,if-you-are-starting-again,Learn Sales Early,numberless/blacklight-all/if-you-are-starting-again/11-learn-sales-early,"If I were starting again:

Swipe till the end. The skill you're avoiding is the one that pays for the rest.

Save this - share with someone who needs it.
More at www.shiwalay.com

#lifelessons #adviceto20s #shiwalay #selfgrowth","If I were starting again:

The skill you're avoiding is the one that pays for the rest.

www.shiwalay.com #lifelessons #adviceto20s"
44,2026-09-25,12:00,try-this-3-things,To Save More,numberless/blacklight-all/try-this-3-things/04-to-save-more,"Money disappearing?

Swipe till the end. Make saving automatic and spending inconvenient.

Save this - share with someone who needs it.
More at www.shiwalay.com

#selfimprovement #habits #shiwalay #selfgrowth","Money disappearing?

Make saving automatic and spending inconvenient.

www.shiwalay.com #selfimprovement #habits"
44,2026-09-25,16:00,faith,The Quiet Voice,numberless/blacklight-all/faith/06-the-quiet-voice,"Doubt shouts.

Swipe till the end. Sit quietly every day. The whisper is still there.

Save this - share with someone who needs it.
More at www.shiwalay.com

#faith #trust #shiwalay #selfgrowth","Doubt shouts.

Sit quietly every day. The whisper is still there.

www.shiwalay.com #faith #trust"
44,2026-09-25,20:00,think-they-are,You Think You're Authentic,numberless/blacklight-all/think-they-are/13-you-think-you-re-authentic,"You say:

Swipe till the end. Authenticity begins when your private choices can survive without public approval.

Save this - share with someone who needs it.
More at www.shiwalay.com

#selfawareness #truth #shiwalay #selfgrowth","You say:

Authenticity begins when your private choices can survive without public approval.

www.shiwalay.com #selfawareness #truth"
45,2026-09-26,08:00,friends,Seasonal Friends,numberless/blacklight-all/friends/03-seasonal-friends,"Some friends are for a season.

Swipe till the end. Be grateful for the season. Release the guilt.

Save this - share with someone who needs it.
More at www.shiwalay.com

#friendship #connection #shiwalay #selfgrowth","Some friends are for a season.

Be grateful for the season. Release the guilt.

www.shiwalay.com #friendship #connection"
45,2026-09-26,12:00,must-learn-before-40,How To Learn Fast,numberless/blacklight-all/must-learn-before-40/16-how-to-learn-fast,"The skill of skills:

Swipe till the end. Learn how to learn once. Profit from it forever.

Save this - share with someone who needs it.
More at www.shiwalay.com

#lifelessons #growth #shiwalay #selfgrowth","The skill of skills:

Learn how to learn once. Profit from it forever.

www.shiwalay.com #lifelessons #growth"
45,2026-09-26,16:00,hit-hard,You Are Your Tuesdays,numberless/blacklight-all/hit-hard/06-you-are-your-tuesdays,"You are not your intentions.

Swipe till the end. Change the Tuesday, change the life.

Save this - share with someone who needs it.
More at www.shiwalay.com

#hardtruths #discipline #shiwalay #selfgrowth","You are not your intentions.

Change the Tuesday, change the life.

www.shiwalay.com #hardtruths #discipline"
45,2026-09-26,20:00,never-give-up,Year One Is Invisible,numberless/blacklight-all/never-give-up/02-year-one-is-invisible,"Nobody claps in year one.

Swipe till the end. Keep going. Roots before leaves.

Save this - share with someone who needs it.
More at www.shiwalay.com

#motivation #persistence #shiwalay #selfgrowth","Nobody claps in year one.

Keep going. Roots before leaves.

www.shiwalay.com #motivation #persistence"
46,2026-09-27,08:00,hide-this-secrets,Your Family's Conflicts,numberless/blacklight-all/hide-this-secrets/05-your-family-s-conflicts,"Outsiders remember your family's worst day

Swipe till the end. Don't hand strangers chapters they'll misread forever.

Save this - share with someone who needs it.
More at www.shiwalay.com

#privacy #strategy #shiwalay #selfgrowth","Outsiders remember your family's worst day

Don't hand strangers chapters they'll misread forever.

www.shiwalay.com #privacy #strategy"
46,2026-09-27,12:00,money,The Rs 1 Lakh Trap,numberless/blacklight-all/money/10-the-rs-1-lakh-trap,"Rs 1 lakh a month feels like success...

Swipe till the end. Real wealth begins when your assets grow faster than your lifestyle.

Save this - share with someone who needs it.
More at www.shiwalay.com

#money #wealth #shiwalay #selfgrowth","Rs 1 lakh a month feels like success...

Real wealth begins when your assets grow faster than your lifestyle.

www.shiwalay.com #money #wealth"
46,2026-09-27,16:00,gita,Success Without Inner Mastery,numberless/blacklight-all/gita/19-success-without-inner-mastery,"You can conquer a market...

Swipe till the end. External victory without inner mastery is an incomplete victory.

Save this - share with someone who needs it.
More at www.shiwalay.com

#bhagavadgita #dharma #shiwalay #selfgrowth","You can conquer a market...

External victory without inner mastery is an incomplete victory.

www.shiwalay.com #bhagavadgita #dharma"
46,2026-09-27,20:00,freedom,Debt Is Time Travel,numberless/blacklight-all/freedom/11-debt-is-time-travel,"Debt is borrowing from your future self.

Swipe till the end. Every loan you skip is freedom you keep.

Save this - share with someone who needs it.
More at www.shiwalay.com

#freedom #lifedesign #shiwalay #selfgrowth","Debt is borrowing from your future self.

Every loan you skip is freedom you keep.

www.shiwalay.com #freedom #lifedesign"
47,2026-09-28,08:00,your-enemies,Old Wars Expire,numberless/blacklight-all/your-enemies/16-old-wars-expire,"The rival from college.

Swipe till the end. Cancel old wars.

Save this - share with someone who needs it.
More at www.shiwalay.com

#mindset #growth #shiwalay #selfgrowth","The rival from college.

Cancel old wars.

www.shiwalay.com #mindset #growth"
47,2026-09-28,12:00,try-this-trick,The Silence Trick,numberless/blacklight-all/try-this-trick/03-the-silence-trick,"After stating your price...

Swipe till the end. Comfort with silence is a paid skill.

Save this - share with someone who needs it.
More at www.shiwalay.com

#lifehacks #psychology #shiwalay #selfgrowth","After stating your price...

Comfort with silence is a paid skill.

www.shiwalay.com #lifehacks #psychology"
47,2026-09-28,16:00,love-to-read,The One Phone Call,numberless/blacklight-all/love-to-read/07-the-one-phone-call,"There's probably someone you should call.

Swipe till the end. Make the call while it's still an ordinary call - not a final one.

Save this - share with someone who needs it.
More at www.shiwalay.com

#life #wisdom #shiwalay #selfgrowth","There's probably someone you should call.

Make the call while it's still an ordinary call - not a final one.

www.shiwalay.com #life #wisdom"
47,2026-09-28,20:00,modern-wisdom,The Algorithm Knows You,numberless/blacklight-all/modern-wisdom/02-the-algorithm-knows-you,"Your feed isn't random.

Swipe till the end. Curate ruthlessly. Your feed is your mental diet.

Save this - share with someone who needs it.
More at www.shiwalay.com

#modernlife #wisdom #shiwalay #selfgrowth","Your feed isn't random.

Curate ruthlessly. Your feed is your mental diet.

www.shiwalay.com #modernlife #wisdom"
48,2026-09-29,08:00,fulfilment,Enough,numberless/blacklight-all/fulfilment/08-enough,"The richest word nobody teaches you:

Swipe till the end. Define enough, or nothing ever will be.

Save this - share with someone who needs it.
More at www.shiwalay.com

#fulfilment #meaning #shiwalay #selfgrowth","The richest word nobody teaches you:

Define enough, or nothing ever will be.

www.shiwalay.com #fulfilment #meaning"
48,2026-09-29,12:00,avoid-this-mistakes,Neglecting Your Person,numberless/blacklight-all/avoid-this-mistakes/18-neglecting-your-person,"The busiest years

Swipe till the end. Ten minutes of full attention daily is cheaper than repair.

Save this - share with someone who needs it.
More at www.shiwalay.com

#lifelessons #mistakes #shiwalay #selfgrowth","The busiest years

Ten minutes of full attention daily is cheaper than repair.

www.shiwalay.com #lifelessons #mistakes"
48,2026-09-29,16:00,family,How Children Spell Love,numberless/blacklight-all/family/17-how-children-spell-love,"Ask a child what love looks like.

Swipe till the end. Children spell love T-I-M-E.

Save this - share with someone who needs it.
More at www.shiwalay.com

#family #relationships #shiwalay #selfgrowth","Ask a child what love looks like.

Children spell love T-I-M-E.

www.shiwalay.com #family #relationships"
48,2026-09-29,20:00,listen-carefully,Listen To Your Envy,numberless/blacklight-all/listen-carefully/02-listen-to-your-envy,"Envy embarrasses you.

Swipe till the end. Decode the envy. Follow the direction, not the bitterness.

Save this - share with someone who needs it.
More at www.shiwalay.com

#communication #psychology #shiwalay #selfgrowth","Envy embarrasses you.

Decode the envy. Follow the direction, not the bitterness.

www.shiwalay.com #communication #psychology"
49,2026-09-30,08:00,hit-hard,Someday Is A Lie,numberless/blacklight-all/hit-hard/16-someday-is-a-lie,"""Someday"" is where dreams

Swipe till the end. Name the date - or admit the no.

Save this - share with someone who needs it.
More at www.shiwalay.com

#hardtruths #discipline #shiwalay #selfgrowth","""Someday"" is where dreams

Name the date - or admit the no.

www.shiwalay.com #hardtruths #discipline"
49,2026-09-30,12:00,modern-wisdom,The Advice Industry,numberless/blacklight-all/modern-wisdom/15-the-advice-industry,"Everyone sells advice now.

Swipe till the end. Take advice only from people whose results you'd trade for.

Save this - share with someone who needs it.
More at www.shiwalay.com

#modernlife #wisdom #shiwalay #selfgrowth","Everyone sells advice now.

Take advice only from people whose results you'd trade for.

www.shiwalay.com #modernlife #wisdom"
49,2026-09-30,16:00,listen-carefully,Listening To Reply,numberless/blacklight-all/listen-carefully/11-listening-to-reply,"Admit it:

Swipe till the end. Listen like you'll be tested on their side of it.

Save this - share with someone who needs it.
More at www.shiwalay.com

#communication #psychology #shiwalay #selfgrowth","Admit it:

Listen like you'll be tested on their side of it.

www.shiwalay.com #communication #psychology"
49,2026-09-30,20:00,family,The Sibling Drift,numberless/blacklight-all/family/07-the-sibling-drift,"You once shared a room.

Swipe till the end. One honest call can restart twenty years of history.

Save this - share with someone who needs it.
More at www.shiwalay.com

#family #relationships #shiwalay #selfgrowth","You once shared a room.

One honest call can restart twenty years of history.

www.shiwalay.com #family #relationships"
50,2026-10-01,08:00,must-learn-before-40,How To Rest,numberless/blacklight-all/must-learn-before-40/03-how-to-rest,"Rest is a skill.

Swipe till the end. Learn rest before 40 - or your body will teach it by force.

Save this - share with someone who needs it.
More at www.shiwalay.com

#lifelessons #growth #shiwalay #selfgrowth","Rest is a skill.

Learn rest before 40 - or your body will teach it by force.

www.shiwalay.com #lifelessons #growth"
50,2026-10-01,12:00,take-it-easy,Your Survival Record,numberless/blacklight-all/take-it-easy/18-your-survival-record,"Quick reminder:

Swipe till the end. Whatever today is, your record says you'll manage.

Save this - share with someone who needs it.
More at www.shiwalay.com

#peace #mentalhealth #shiwalay #selfgrowth","Quick reminder:

Whatever today is, your record says you'll manage.

www.shiwalay.com #peace #mentalhealth"
50,2026-10-01,16:00,love-to-read,The Thing Nobody Tells You,numberless/blacklight-all/love-to-read/02-the-thing-nobody-tells-you,"Nobody tells you this about getting older.

Swipe till the end. Growing older isn't always losing people. Sometimes it's losing the need to please them.

Save this - share with someone who needs it.
More at www.shiwalay.com

#life #wisdom #shiwalay #selfgrowth","Nobody tells you this about getting older.

Growing older isn't always losing people. Sometimes it's losing the need to please them.

www.shiwalay.com #life #wisdom"
50,2026-10-01,20:00,system-works,Why Prices End In 9,numberless/blacklight-all/system-works/19-why-prices-end-in-9,"999 feels far from 1000.

Swipe till the end. Know the tricks, and shopping becomes a fair fight.

Save this - share with someone who needs it.
More at www.shiwalay.com

#financialliteracy #systems #shiwalay #selfgrowth","999 feels far from 1000.

Know the tricks, and shopping becomes a fair fight.

www.shiwalay.com #financialliteracy #systems"
51,2026-10-02,08:00,think-they-are,You Think You're Confident,numberless/blacklight-all/think-they-are/03-you-think-you-re-confident,"You think you're confident.

Swipe till the end. Maybe it wasn't confidence. Maybe it was certainty protected by ego.

Save this - share with someone who needs it.
More at www.shiwalay.com

#selfawareness #truth #shiwalay #selfgrowth","You think you're confident.

Maybe it wasn't confidence. Maybe it was certainty protected by ego.

www.shiwalay.com #selfawareness #truth"
51,2026-10-02,12:00,try-this-trick,The Specific Number,numberless/blacklight-all/try-this-trick/15-the-specific-number,"Asking for 50,000?

Swipe till the end. Specificity earns respect in every negotiation.

Save this - share with someone who needs it.
More at www.shiwalay.com

#lifehacks #psychology #shiwalay #selfgrowth","Asking for 50,000?

Specificity earns respect in every negotiation.

www.shiwalay.com #lifehacks #psychology"
51,2026-10-02,16:00,your-enemies,Respect Strong Rivals,numberless/blacklight-all/your-enemies/17-respect-strong-rivals,"A worthy rival

Swipe till the end. Bless the strong rival. They're building you.

Save this - share with someone who needs it.
More at www.shiwalay.com

#mindset #growth #shiwalay #selfgrowth","A worthy rival

Bless the strong rival. They're building you.

www.shiwalay.com #mindset #growth"
51,2026-10-02,20:00,fulfilment,Presence,numberless/blacklight-all/fulfilment/19-presence,"You've been everywhere except here.

Swipe till the end. Presence is the shortest path to a rich life.

Save this - share with someone who needs it.
More at www.shiwalay.com

#fulfilment #meaning #shiwalay #selfgrowth","You've been everywhere except here.

Presence is the shortest path to a rich life.

www.shiwalay.com #fulfilment #meaning"
52,2026-10-03,08:00,dark-manipulation,Your Best Defense,numberless/blacklight-all/dark-manipulation/20-your-best-defense,"Manipulation hunts for one thing:

Swipe till the end. You can't control what they attempt. You control what works.

Save this - share with someone who needs it.
More at www.shiwalay.com

#psychology #awareness #shiwalay #selfgrowth","Manipulation hunts for one thing:

You can't control what they attempt. You control what works.

www.shiwalay.com #psychology #awareness"
52,2026-10-03,12:00,faith,Doubt Belongs,numberless/blacklight-all/faith/11-doubt-belongs,"Doubt doesn't disqualify your faith.

Swipe till the end. Faith isn't the absence of questions. It's walking with them.

Save this - share with someone who needs it.
More at www.shiwalay.com

#faith #trust #shiwalay #selfgrowth","Doubt doesn't disqualify your faith.

Faith isn't the absence of questions. It's walking with them.

www.shiwalay.com #faith #trust"
52,2026-10-03,16:00,money,The Wealth Equation,numberless/blacklight-all/money/13-the-wealth-equation,"Here's a simple wealth equation nobody teaches you.

Swipe till the end. But the secret variable is TIME. Start earlier than you think you should.

Save this - share with someone who needs it.
More at www.shiwalay.com

#money #wealth #shiwalay #selfgrowth","Here's a simple wealth equation nobody teaches you.

But the secret variable is TIME. Start earlier than you think you should.

www.shiwalay.com #money #wealth"
52,2026-10-03,20:00,freedom,Who Holds Your Keys,numberless/blacklight-all/freedom/15-who-holds-your-keys,"Somebody can end your lifestyle with one decision.

Swipe till the end. Freedom is reducing that number, one key at a time.

Save this - share with someone who needs it.
More at www.shiwalay.com

#freedom #lifedesign #shiwalay #selfgrowth","Somebody can end your lifestyle with one decision.

Freedom is reducing that number, one key at a time.

www.shiwalay.com #freedom #lifedesign"
53,2026-10-04,08:00,try-this-3-things,To Sound Confident,numberless/blacklight-all/try-this-3-things/19-to-sound-confident,"Underestimated in rooms?

Swipe till the end. Confidence is often just calm, rehearsed clarity.

Save this - share with someone who needs it.
More at www.shiwalay.com

#selfimprovement #habits #shiwalay #selfgrowth","Underestimated in rooms?

Confidence is often just calm, rehearsed clarity.

www.shiwalay.com #selfimprovement #habits"
53,2026-10-04,12:00,gita,Equanimity Is Power,numberless/blacklight-all/gita/07-equanimity-is-power,"Good news? Stay calm.

Swipe till the end. Equanimity doesn't make you passive. It makes you harder to destabilize.

Save this - share with someone who needs it.
More at www.shiwalay.com

#bhagavadgita #dharma #shiwalay #selfgrowth","Good news? Stay calm.

Equanimity doesn't make you passive. It makes you harder to destabilize.

www.shiwalay.com #bhagavadgita #dharma"
53,2026-10-04,16:00,if-you-are-starting-again,"Fail Fast, Fail Cheap",numberless/blacklight-all/if-you-are-starting-again/07-fail-fast-fail-cheap,"If I were starting again:

Swipe till the end. Fail at 100 rupees, not at 10 lakhs.

Save this - share with someone who needs it.
More at www.shiwalay.com

#lifelessons #adviceto20s #shiwalay #selfgrowth","If I were starting again:

Fail at 100 rupees, not at 10 lakhs.

www.shiwalay.com #lifelessons #adviceto20s"
53,2026-10-04,20:00,self-protection,Not Everyone Deserves Access,numberless/blacklight-all/self-protection/01-not-everyone-deserves-access,"Your energy has a guest list.

Swipe till the end. Revoke it from those who abuse it.

Save this - share with someone who needs it.
More at www.shiwalay.com

#boundaries #selfrespect #shiwalay #selfgrowth","Your energy has a guest list.

Revoke it from those who abuse it.

www.shiwalay.com #boundaries #selfrespect"
54,2026-10-05,08:00,never-give-up,The Dip Is The Filter,numberless/blacklight-all/never-give-up/01-the-dip-is-the-filter,"Everything gets hard

Swipe till the end. The reward sits just past the point most people quit.

Save this - share with someone who needs it.
More at www.shiwalay.com

#motivation #persistence #shiwalay #selfgrowth","Everything gets hard

The reward sits just past the point most people quit.

www.shiwalay.com #motivation #persistence"
54,2026-10-05,12:00,friends,The Circle That Shrinks You,numberless/blacklight-all/friends/09-the-circle-that-shrinks-you,"Notice how you feel after meeting them.

Swipe till the end. Outgrowing a circle isn't arrogance. It's growth.

Save this - share with someone who needs it.
More at www.shiwalay.com

#friendship #connection #shiwalay #selfgrowth","Notice how you feel after meeting them.

Outgrowing a circle isn't arrogance. It's growth.

www.shiwalay.com #friendship #connection"
54,2026-10-05,16:00,hide-this-secrets,Your Relationship's Interior,numberless/blacklight-all/hide-this-secrets/07-your-relationship-s-interior,"Every fight you narrate

Swipe till the end. Solve inside. Celebrate outside.

Save this - share with someone who needs it.
More at www.shiwalay.com

#privacy #strategy #shiwalay #selfgrowth","Every fight you narrate

Solve inside. Celebrate outside.

www.shiwalay.com #privacy #strategy"
54,2026-10-05,20:00,avoid-this-mistakes,Working For Applause,numberless/blacklight-all/avoid-this-mistakes/07-working-for-applause,"Chasing praise makes you

Swipe till the end. Work for meaning and money. Let applause be a bonus.

Save this - share with someone who needs it.
More at www.shiwalay.com

#lifelessons #mistakes #shiwalay #selfgrowth","Chasing praise makes you

Work for meaning and money. Let applause be a bonus.

www.shiwalay.com #lifelessons #mistakes"
55,2026-10-06,08:00,friends,The 2 AM Test,numberless/blacklight-all/friends/04-the-2-am-test,"Scroll your contact list.

Swipe till the end. Invest in 2 AM friends, not 2000 followers.

Save this - share with someone who needs it.
More at www.shiwalay.com

#friendship #connection #shiwalay #selfgrowth","Scroll your contact list.

Invest in 2 AM friends, not 2000 followers.

www.shiwalay.com #friendship #connection"
55,2026-10-06,12:00,money,Stop Asking How Much,numberless/blacklight-all/money/09-stop-asking-how-much,"Stop asking:

Swipe till the end. Income is often a reflection of the scale of value you create.

Save this - share with someone who needs it.
More at www.shiwalay.com

#money #wealth #shiwalay #selfgrowth","Stop asking:

Income is often a reflection of the scale of value you create.

www.shiwalay.com #money #wealth"
55,2026-10-06,16:00,dark-manipulation,The Confusion Tactic,numberless/blacklight-all/dark-manipulation/19-the-confusion-tactic,"Word salad. Circular arguments.

Swipe till the end. Slow everything down. Write things down. Clarity is defense.

Save this - share with someone who needs it.
More at www.shiwalay.com

#psychology #awareness #shiwalay #selfgrowth","Word salad. Circular arguments.

Slow everything down. Write things down. Clarity is defense.

www.shiwalay.com #psychology #awareness"
55,2026-10-06,20:00,think-they-are,You Think You Know Yourself,numberless/blacklight-all/think-they-are/20-you-think-you-know-yourself,"You say:

Swipe till the end. You don't fully know who you are. You discover yourself through what life asks you to handle.

Save this - share with someone who needs it.
More at www.shiwalay.com

#selfawareness #truth #shiwalay #selfgrowth","You say:

You don't fully know who you are. You discover yourself through what life asks you to handle.

www.shiwalay.com #selfawareness #truth"
56,2026-10-07,08:00,freedom,The Rented Life,numberless/blacklight-all/freedom/08-the-rented-life,"Rented status. Rented luxury.

Swipe till the end. Better to own small things fully than to rent a big life.

Save this - share with someone who needs it.
More at www.shiwalay.com

#freedom #lifedesign #shiwalay #selfgrowth","Rented status. Rented luxury.

Better to own small things fully than to rent a big life.

www.shiwalay.com #freedom #lifedesign"
56,2026-10-07,12:00,listen-carefully,People Confess In Jokes,numberless/blacklight-all/listen-carefully/01-people-confess-in-jokes,"""Just kidding""

Swipe till the end. Truth often enters the room dressed as a joke.

Save this - share with someone who needs it.
More at www.shiwalay.com

#communication #psychology #shiwalay #selfgrowth","""Just kidding""

Truth often enters the room dressed as a joke.

www.shiwalay.com #communication #psychology"
56,2026-10-07,16:00,family,Forgiving Family,numberless/blacklight-all/family/19-forgiving-family,"Family hurt cuts the deepest.

Swipe till the end. Both staying and stepping back can be acts of self-respect.

Save this - share with someone who needs it.
More at www.shiwalay.com

#family #relationships #shiwalay #selfgrowth","Family hurt cuts the deepest.

Both staying and stepping back can be acts of self-respect.

www.shiwalay.com #family #relationships"
56,2026-10-07,20:00,must-learn-before-40,How To Be Alone,numberless/blacklight-all/must-learn-before-40/06-how-to-be-alone,"Learn to enjoy your own company

Swipe till the end. Make friends with yourself. You're stuck together for life.

Save this - share with someone who needs it.
More at www.shiwalay.com

#lifelessons #growth #shiwalay #selfgrowth","Learn to enjoy your own company

Make friends with yourself. You're stuck together for life.

www.shiwalay.com #lifelessons #growth"
57,2026-10-08,08:00,gita,The Real Enemy,numberless/blacklight-all/gita/05-the-real-enemy,"Who is stopping you?

Swipe till the end. Conquer yourself, and the external battle becomes easier to navigate.

Save this - share with someone who needs it.
More at www.shiwalay.com

#bhagavadgita #dharma #shiwalay #selfgrowth","Who is stopping you?

Conquer yourself, and the external battle becomes easier to navigate.

www.shiwalay.com #bhagavadgita #dharma"
57,2026-10-08,12:00,if-you-are-starting-again,Do The Scary Thing First,numberless/blacklight-all/if-you-are-starting-again/14-do-the-scary-thing-first,"If I were starting again:

Swipe till the end. What scares you today is the story you'll tell at 50.

Save this - share with someone who needs it.
More at www.shiwalay.com

#lifelessons #adviceto20s #shiwalay #selfgrowth","If I were starting again:

What scares you today is the story you'll tell at 50.

www.shiwalay.com #lifelessons #adviceto20s"
57,2026-10-08,16:00,system-works,The Fine Print,numberless/blacklight-all/system-works/18-the-fine-print,"The big font sells.

Swipe till the end. Read what you sign. Especially the boring parts.

Save this - share with someone who needs it.
More at www.shiwalay.com

#financialliteracy #systems #shiwalay #selfgrowth","The big font sells.

Read what you sign. Especially the boring parts.

www.shiwalay.com #financialliteracy #systems"
57,2026-10-08,20:00,take-it-easy,Slow Mornings Are Allowed,numberless/blacklight-all/take-it-easy/04-slow-mornings-are-allowed,"Not every day needs

Swipe till the end. A gentle start is still a start.

Save this - share with someone who needs it.
More at www.shiwalay.com

#peace #mentalhealth #shiwalay #selfgrowth","Not every day needs

A gentle start is still a start.

www.shiwalay.com #peace #mentalhealth"
58,2026-10-09,08:00,avoid-this-mistakes,Treating Parents As Permanent,numberless/blacklight-all/avoid-this-mistakes/15-treating-parents-as-permanent,"""I'll visit next month.""

Swipe till the end. Visit like the visits are numbered. They are.

Save this - share with someone who needs it.
More at www.shiwalay.com

#lifelessons #mistakes #shiwalay #selfgrowth","""I'll visit next month.""

Visit like the visits are numbered. They are.

www.shiwalay.com #lifelessons #mistakes"
58,2026-10-09,12:00,fulfilment,The Service Shortcut,numberless/blacklight-all/fulfilment/17-the-service-shortcut,"Feeling empty?

Swipe till the end. Meaning often enters through the door of usefulness.

Save this - share with someone who needs it.
More at www.shiwalay.com

#fulfilment #meaning #shiwalay #selfgrowth","Feeling empty?

Meaning often enters through the door of usefulness.

www.shiwalay.com #fulfilment #meaning"
58,2026-10-09,16:00,faith,Someone Else's Harvest,numberless/blacklight-all/faith/10-someone-else-s-harvest,"Their blessing arrived.

Swipe till the end. Someone else's harvest is not your drought.

Save this - share with someone who needs it.
More at www.shiwalay.com

#faith #trust #shiwalay #selfgrowth","Their blessing arrived.

Someone else's harvest is not your drought.

www.shiwalay.com #faith #trust"
58,2026-10-09,20:00,self-protection,Options Are Oxygen,numberless/blacklight-all/self-protection/14-options-are-oxygen,"One income. One skill.

Swipe till the end. Options are oxygen.

Save this - share with someone who needs it.
More at www.shiwalay.com

#boundaries #selfrespect #shiwalay #selfgrowth","One income. One skill.

Options are oxygen.

www.shiwalay.com #boundaries #selfrespect"
59,2026-10-10,08:00,never-give-up,Boring Reps Count Double,numberless/blacklight-all/never-give-up/17-boring-reps-count-double,"The boring middle reps

Swipe till the end. Fall in love with the reps nobody claps for.

Save this - share with someone who needs it.
More at www.shiwalay.com

#motivation #persistence #shiwalay #selfgrowth","The boring middle reps

Fall in love with the reps nobody claps for.

www.shiwalay.com #motivation #persistence"
59,2026-10-10,12:00,hide-this-secrets,Your Timeline,numberless/blacklight-all/hide-this-secrets/17-your-timeline,"Marriage by when? Kids by when?

Swipe till the end. Live on your own clock. Silently.

Save this - share with someone who needs it.
More at www.shiwalay.com

#privacy #strategy #shiwalay #selfgrowth","Marriage by when? Kids by when?

Live on your own clock. Silently.

www.shiwalay.com #privacy #strategy"
59,2026-10-10,16:00,modern-wisdom,Focus Is A Fortune,numberless/blacklight-all/modern-wisdom/12-focus-is-a-fortune,"Books started feeling long?

Swipe till the end. In a distracted world, focus is a fortune.

Save this - share with someone who needs it.
More at www.shiwalay.com

#modernlife #wisdom #shiwalay #selfgrowth","Books started feeling long?

In a distracted world, focus is a fortune.

www.shiwalay.com #modernlife #wisdom"
59,2026-10-10,20:00,hit-hard,Nobody Is Coming,numberless/blacklight-all/hit-hard/01-nobody-is-coming,"Nobody is coming to save you.

Swipe till the end. Rescue yourself. Everything changes after that.

Save this - share with someone who needs it.
More at www.shiwalay.com

#hardtruths #discipline #shiwalay #selfgrowth","Nobody is coming to save you.

Rescue yourself. Everything changes after that.

www.shiwalay.com #hardtruths #discipline"
60,2026-10-11,08:00,your-enemies,The Enemy Inside,numberless/blacklight-all/your-enemies/19-the-enemy-inside,"The procrastinator. The doubter.

Swipe till the end. Win the war inside, and the outside shrinks.

Save this - share with someone who needs it.
More at www.shiwalay.com

#mindset #growth #shiwalay #selfgrowth","The procrastinator. The doubter.

Win the war inside, and the outside shrinks.

www.shiwalay.com #mindset #growth"
60,2026-10-11,12:00,try-this-3-things,For A Stronger Body,numberless/blacklight-all/try-this-3-things/09-for-a-stronger-body,"No time for fitness?

Swipe till the end. You don't need a transformation. You need a floor.

Save this - share with someone who needs it.
More at www.shiwalay.com

#selfimprovement #habits #shiwalay #selfgrowth","No time for fitness?

You don't need a transformation. You need a floor.

www.shiwalay.com #selfimprovement #habits"
60,2026-10-11,16:00,love-to-read,The Hardest Goodbye,numberless/blacklight-all/love-to-read/13-the-hardest-goodbye,"The hardest person to let go of...

Swipe till the end. Sometimes healing begins when you stop mourning the life that never happened.

Save this - share with someone who needs it.
More at www.shiwalay.com

#life #wisdom #shiwalay #selfgrowth","The hardest person to let go of...

Sometimes healing begins when you stop mourning the life that never happened.

www.shiwalay.com #life #wisdom"
60,2026-10-11,20:00,try-this-trick,The 5-Second Launch,numberless/blacklight-all/try-this-trick/09-the-5-second-launch,"Hesitation kills action

Swipe till the end. Launch before the brain files its objections.

Save this - share with someone who needs it.
More at www.shiwalay.com

#lifehacks #psychology #shiwalay #selfgrowth","Hesitation kills action

Launch before the brain files its objections.

www.shiwalay.com #lifehacks #psychology"
61,2026-10-12,08:00,system-works,The Real Rules,numberless/blacklight-all/system-works/12-the-real-rules,"Every system has official rules

Swipe till the end. Learn the real rules without losing your ethics.

Save this - share with someone who needs it.
More at www.shiwalay.com

#financialliteracy #systems #shiwalay #selfgrowth","Every system has official rules

Learn the real rules without losing your ethics.

www.shiwalay.com #financialliteracy #systems"
61,2026-10-12,12:00,must-learn-before-40,How To End Things,numberless/blacklight-all/must-learn-before-40/14-how-to-end-things,"Jobs. Projects. Relationships.

Swipe till the end. How you leave is remembered longer than how you arrived.

Save this - share with someone who needs it.
More at www.shiwalay.com

#lifelessons #growth #shiwalay #selfgrowth","Jobs. Projects. Relationships.

How you leave is remembered longer than how you arrived.

www.shiwalay.com #lifelessons #growth"
61,2026-10-12,16:00,if-you-are-starting-again,Keep The Body,numberless/blacklight-all/if-you-are-starting-again/08-keep-the-body,"If I were starting again:

Swipe till the end. You only get one vehicle for the whole journey.

Save this - share with someone who needs it.
More at www.shiwalay.com

#lifelessons #adviceto20s #shiwalay #selfgrowth","If I were starting again:

You only get one vehicle for the whole journey.

www.shiwalay.com #lifelessons #adviceto20s"
61,2026-10-12,20:00,gita,Anger Destroys Clarity,numberless/blacklight-all/gita/14-anger-destroys-clarity,"Someone insults you.

Swipe till the end. The moment someone can control your emotional state, they have gained influence over your decisions.

Save this - share with someone who needs it.
More at www.shiwalay.com

#bhagavadgita #dharma #shiwalay #selfgrowth","Someone insults you.

The moment someone can control your emotional state, they have gained influence over your decisions.

www.shiwalay.com #bhagavadgita #dharma"
62,2026-10-13,08:00,hit-hard,"Hard Choices, Easy Life",numberless/blacklight-all/hit-hard/09-hard-choices-easy-life,"Easy choices,

Swipe till the end. Choose your hard. You're choosing anyway.

Save this - share with someone who needs it.
More at www.shiwalay.com

#hardtruths #discipline #shiwalay #selfgrowth","Easy choices,

Choose your hard. You're choosing anyway.

www.shiwalay.com #hardtruths #discipline"
62,2026-10-13,12:00,self-protection,The Nice Trap,numberless/blacklight-all/self-protection/09-the-nice-trap,"Are you kind -

Swipe till the end. Be kind - and unavailable for exploitation.

Save this - share with someone who needs it.
More at www.shiwalay.com

#boundaries #selfrespect #shiwalay #selfgrowth","Are you kind -

Be kind - and unavailable for exploitation.

www.shiwalay.com #boundaries #selfrespect"
62,2026-10-13,16:00,modern-wisdom,Reputation Compounds,numberless/blacklight-all/modern-wisdom/18-reputation-compounds,"The internet never forgets.

Swipe till the end. Post like everything is a tattoo. Because it is.

Save this - share with someone who needs it.
More at www.shiwalay.com

#modernlife #wisdom #shiwalay #selfgrowth","The internet never forgets.

Post like everything is a tattoo. Because it is.

www.shiwalay.com #modernlife #wisdom"
62,2026-10-13,20:00,fulfilment,The Arrival Lie,numberless/blacklight-all/fulfilment/01-the-arrival-lie,"""I'll be happy when...""

Swipe till the end. Fulfilment isn't at the destination. It's in who you become travelling.

Save this - share with someone who needs it.
More at www.shiwalay.com

#fulfilment #meaning #shiwalay #selfgrowth","""I'll be happy when...""

Fulfilment isn't at the destination. It's in who you become travelling.

www.shiwalay.com #fulfilment #meaning"
63,2026-10-14,08:00,try-this-3-things,For A Sharper Mind,numberless/blacklight-all/try-this-3-things/03-for-a-sharper-mind,"Brain feels foggy?

Swipe till the end. Input. Silence. Reflection. The mind's full diet.

Save this - share with someone who needs it.
More at www.shiwalay.com

#selfimprovement #habits #shiwalay #selfgrowth","Brain feels foggy?

Input. Silence. Reflection. The mind's full diet.

www.shiwalay.com #selfimprovement #habits"
63,2026-10-14,12:00,love-to-read,The Real Rich Life,numberless/blacklight-all/love-to-read/18-the-real-rich-life,"A rich life isn't necessarily:

Swipe till the end. Wealth isn't only what you own. It's how much of your life belongs to you.

Save this - share with someone who needs it.
More at www.shiwalay.com

#life #wisdom #shiwalay #selfgrowth","A rich life isn't necessarily:

Wealth isn't only what you own. It's how much of your life belongs to you.

www.shiwalay.com #life #wisdom"
63,2026-10-14,16:00,take-it-easy,Imaginary Rent,numberless/blacklight-all/take-it-easy/03-imaginary-rent,"Half your worries

Swipe till the end. Cancel the imaginary bills.

Save this - share with someone who needs it.
More at www.shiwalay.com

#peace #mentalhealth #shiwalay #selfgrowth","Half your worries

Cancel the imaginary bills.

www.shiwalay.com #peace #mentalhealth"
63,2026-10-14,20:00,hide-this-secrets,Your Fears,numberless/blacklight-all/hide-this-secrets/11-your-fears,"Some people will comfort your fears.

Swipe till the end. Share fears with healers, not dealers.

Save this - share with someone who needs it.
More at www.shiwalay.com

#privacy #strategy #shiwalay #selfgrowth","Some people will comfort your fears.

Share fears with healers, not dealers.

www.shiwalay.com #privacy #strategy"
64,2026-10-15,08:00,dark-manipulation,Fear Then Relief,numberless/blacklight-all/dark-manipulation/11-fear-then-relief,"First they scare you.

Swipe till the end. When relief arrives suspiciously fast, ask who built the fear.

Save this - share with someone who needs it.
More at www.shiwalay.com

#psychology #awareness #shiwalay #selfgrowth","First they scare you.

When relief arrives suspiciously fast, ask who built the fear.

www.shiwalay.com #psychology #awareness"
64,2026-10-15,12:00,think-they-are,You Think You're Generous,numberless/blacklight-all/think-they-are/09-you-think-you-re-generous,"You think you're generous.

Swipe till the end. Character becomes visible when there is no audience.

Save this - share with someone who needs it.
More at www.shiwalay.com

#selfawareness #truth #shiwalay #selfgrowth","You think you're generous.

Character becomes visible when there is no audience.

www.shiwalay.com #selfawareness #truth"
64,2026-10-15,16:00,friends,The Listening Friend,numberless/blacklight-all/friends/15-the-listening-friend,"Want to be unforgettable?

Swipe till the end. The friend who listens is the friend who lasts.

Save this - share with someone who needs it.
More at www.shiwalay.com

#friendship #connection #shiwalay #selfgrowth","Want to be unforgettable?

The friend who listens is the friend who lasts.

www.shiwalay.com #friendship #connection"
64,2026-10-15,20:00,freedom,The Two Freedoms,numberless/blacklight-all/freedom/07-the-two-freedoms,"There are two freedoms.

Swipe till the end. Most people fight for the first and forget to use the second.

Save this - share with someone who needs it.
More at www.shiwalay.com

#freedom #lifedesign #shiwalay #selfgrowth","There are two freedoms.

Most people fight for the first and forget to use the second.

www.shiwalay.com #freedom #lifedesign"
65,2026-10-16,08:00,your-enemies,The Enemy Mirror,numberless/blacklight-all/your-enemies/06-the-enemy-mirror,"Sometimes the person you hate most

Swipe till the end. Sometimes the enemy's real gift is a mirror.

Save this - share with someone who needs it.
More at www.shiwalay.com

#mindset #growth #shiwalay #selfgrowth","Sometimes the person you hate most

Sometimes the enemy's real gift is a mirror.

www.shiwalay.com #mindset #growth"
65,2026-10-16,12:00,try-this-trick,Pre-Decide Everything,numberless/blacklight-all/try-this-trick/10-pre-decide-everything,"Decisions burn willpower.

Swipe till the end. Decide once. Benefit daily.

Save this - share with someone who needs it.
More at www.shiwalay.com

#lifehacks #psychology #shiwalay #selfgrowth","Decisions burn willpower.

Decide once. Benefit daily.

www.shiwalay.com #lifehacks #psychology"
65,2026-10-16,16:00,never-give-up,Collect The No's,numberless/blacklight-all/never-give-up/04-collect-the-no-s,"Every no is data.

Swipe till the end. Collect enough no's and the yes finds you.

Save this - share with someone who needs it.
More at www.shiwalay.com

#motivation #persistence #shiwalay #selfgrowth","Every no is data.

Collect enough no's and the yes finds you.

www.shiwalay.com #motivation #persistence"
65,2026-10-16,20:00,faith,The Middle Of A Testimony,numberless/blacklight-all/faith/16-the-middle-of-a-testimony,"One day you'll tell this story.

Swipe till the end. You're currently living the middle of a testimony.

Save this - share with someone who needs it.
More at www.shiwalay.com

#faith #trust #shiwalay #selfgrowth","One day you'll tell this story.

You're currently living the middle of a testimony.

www.shiwalay.com #faith #trust"
66,2026-10-17,08:00,listen-carefully,Excuses Are Translations,numberless/blacklight-all/listen-carefully/06-excuses-are-translations,"""I don't have time"" means

Swipe till the end. Watch calendars, not claims.

Save this - share with someone who needs it.
More at www.shiwalay.com

#communication #psychology #shiwalay #selfgrowth","""I don't have time"" means

Watch calendars, not claims.

www.shiwalay.com #communication #psychology"
66,2026-10-17,12:00,money,"Rs 10,000 Can Change Everything",numberless/blacklight-all/money/07-rs-10-000-can-change-everything,"Rs 10,000 won't make you rich.

Swipe till the end. Money is a seed. Your decision determines the tree.

Save this - share with someone who needs it.
More at www.shiwalay.com

#money #wealth #shiwalay #selfgrowth","Rs 10,000 won't make you rich.

Money is a seed. Your decision determines the tree.

www.shiwalay.com #money #wealth"
66,2026-10-17,16:00,family,Aging In The Background,numberless/blacklight-all/family/08-aging-in-the-background,"While you're busy building your life...

Swipe till the end. Don't meet their old age as a stranger.

Save this - share with someone who needs it.
More at www.shiwalay.com

#family #relationships #shiwalay #selfgrowth","While you're busy building your life...

Don't meet their old age as a stranger.

www.shiwalay.com #family #relationships"
66,2026-10-17,20:00,avoid-this-mistakes,Letting Friendships Starve,numberless/blacklight-all/avoid-this-mistakes/06-letting-friendships-starve,"You didn't fight with anyone.

Swipe till the end. One call a month keeps a decade alive.

Save this - share with someone who needs it.
More at www.shiwalay.com

#lifelessons #mistakes #shiwalay #selfgrowth","You didn't fight with anyone.

One call a month keeps a decade alive.

www.shiwalay.com #lifelessons #mistakes"
67,2026-10-18,08:00,think-they-are,You Think You're Disciplined,numberless/blacklight-all/think-they-are/02-you-think-you-re-disciplined,"You think you're disciplined.

Swipe till the end. Discipline begins where external pressure ends.

Save this - share with someone who needs it.
More at www.shiwalay.com

#selfawareness #truth #shiwalay #selfgrowth","You think you're disciplined.

Discipline begins where external pressure ends.

www.shiwalay.com #selfawareness #truth"
67,2026-10-18,12:00,try-this-trick,Teach To Learn,numberless/blacklight-all/try-this-trick/20-teach-to-learn,"Want to truly master something?

Swipe till the end. Teaching is learning twice.

Save this - share with someone who needs it.
More at www.shiwalay.com

#lifehacks #psychology #shiwalay #selfgrowth","Want to truly master something?

Teaching is learning twice.

www.shiwalay.com #lifehacks #psychology"
67,2026-10-18,16:00,dark-manipulation,Love Bombing,numberless/blacklight-all/dark-manipulation/02-love-bombing,"Too much. Too soon.

Swipe till the end. Real love builds slowly. Speed is a red flag.

Save this - share with someone who needs it.
More at www.shiwalay.com

#psychology #awareness #shiwalay #selfgrowth","Too much. Too soon.

Real love builds slowly. Speed is a red flag.

www.shiwalay.com #psychology #awareness"
67,2026-10-18,20:00,family,The Countdown Nobody Does,numberless/blacklight-all/family/01-the-countdown-nobody-does,"You see your parents twice a year?

Swipe till the end. Stop measuring in years. Start measuring in visits.

Save this - share with someone who needs it.
More at www.shiwalay.com

#family #relationships #shiwalay #selfgrowth","You see your parents twice a year?

Stop measuring in years. Start measuring in visits.

www.shiwalay.com #family #relationships"
68,2026-10-19,08:00,money,The Real Money Magnet,numberless/blacklight-all/money/19-the-real-money-magnet,"Want to attract more money?

Swipe till the end. Money follows value. Scale follows distribution.

Save this - share with someone who needs it.
More at www.shiwalay.com

#money #wealth #shiwalay #selfgrowth","Want to attract more money?

Money follows value. Scale follows distribution.

www.shiwalay.com #money #wealth"
68,2026-10-19,12:00,self-protection,Guard The Gates,numberless/blacklight-all/self-protection/12-guard-the-gates,"You lock your door at night.

Swipe till the end. Guard the gates of your attention.

Save this - share with someone who needs it.
More at www.shiwalay.com

#boundaries #selfrespect #shiwalay #selfgrowth","You lock your door at night.

Guard the gates of your attention.

www.shiwalay.com #boundaries #selfrespect"
68,2026-10-19,16:00,try-this-3-things,For Better Conversations,numberless/blacklight-all/try-this-3-things/07-for-better-conversations,"Want people to love talking to you?

Swipe till the end. Attention is the rarest gift. Give it fully.

Save this - share with someone who needs it.
More at www.shiwalay.com

#selfimprovement #habits #shiwalay #selfgrowth","Want people to love talking to you?

Attention is the rarest gift. Give it fully.

www.shiwalay.com #selfimprovement #habits"
68,2026-10-19,20:00,your-enemies,The Unattended War,numberless/blacklight-all/your-enemies/09-the-unattended-war,"They prepared for battle.

Swipe till the end. Your absence can be undefeated.

Save this - share with someone who needs it.
More at www.shiwalay.com

#mindset #growth #shiwalay #selfgrowth","They prepared for battle.

Your absence can be undefeated.

www.shiwalay.com #mindset #growth"
69,2026-10-20,08:00,faith,Gratitude Is Faith,numberless/blacklight-all/faith/08-gratitude-is-faith,"Complaining rehearses what's missing.

Swipe till the end. Thankfulness is faith looking backwards.

Save this - share with someone who needs it.
More at www.shiwalay.com

#faith #trust #shiwalay #selfgrowth","Complaining rehearses what's missing.

Thankfulness is faith looking backwards.

www.shiwalay.com #faith #trust"
69,2026-10-20,12:00,listen-carefully,Your Own Sentences,numberless/blacklight-all/listen-carefully/14-your-own-sentences,"Listen to yourself for one day.

Swipe till the end. Speak about yourself like someone you're responsible for protecting.

Save this - share with someone who needs it.
More at www.shiwalay.com

#communication #psychology #shiwalay #selfgrowth","Listen to yourself for one day.

Speak about yourself like someone you're responsible for protecting.

www.shiwalay.com #communication #psychology"
69,2026-10-20,16:00,hide-this-secrets,Your Income,numberless/blacklight-all/hide-this-secrets/02-your-income,"Salary talk changes relationships.

Swipe till the end. Let your lifestyle whisper. Keep the numbers silent.

Save this - share with someone who needs it.
More at www.shiwalay.com

#privacy #strategy #shiwalay #selfgrowth","Salary talk changes relationships.

Let your lifestyle whisper. Keep the numbers silent.

www.shiwalay.com #privacy #strategy"
69,2026-10-20,20:00,system-works,Numbers Can Be Dressed,numberless/blacklight-all/system-works/09-numbers-can-be-dressed,"""9 out of 10 experts agree.""

Swipe till the end. Numbers don't lie. But sellers choose which numbers you see.

Save this - share with someone who needs it.
More at www.shiwalay.com

#financialliteracy #systems #shiwalay #selfgrowth","""9 out of 10 experts agree.""

Numbers don't lie. But sellers choose which numbers you see.

www.shiwalay.com #financialliteracy #systems"
70,2026-10-21,08:00,hit-hard,Your Phone Confesses,numberless/blacklight-all/hit-hard/15-your-phone-confesses,"Want your real priorities?

Swipe till the end. Your phone is a confession device.

Save this - share with someone who needs it.
More at www.shiwalay.com

#hardtruths #discipline #shiwalay #selfgrowth","Want your real priorities?

Your phone is a confession device.

www.shiwalay.com #hardtruths #discipline"
70,2026-10-21,12:00,if-you-are-starting-again,Start Before Ready,numberless/blacklight-all/if-you-are-starting-again/01-start-before-ready,"If I were starting again:

Swipe till the end. Begin scared. Learn loud.

Save this - share with someone who needs it.
More at www.shiwalay.com

#lifelessons #adviceto20s #shiwalay #selfgrowth","If I were starting again:

Begin scared. Learn loud.

www.shiwalay.com #lifelessons #adviceto20s"
70,2026-10-21,16:00,love-to-read,Your Future Self,numberless/blacklight-all/love-to-read/09-your-future-self,"Imagine meeting yourself 10 years from now.

Swipe till the end. Your future self isn't waiting for a miracle. They're waiting for your next decision.

Save this - share with someone who needs it.
More at www.shiwalay.com

#life #wisdom #shiwalay #selfgrowth","Imagine meeting yourself 10 years from now.

Your future self isn't waiting for a miracle. They're waiting for your next decision.

www.shiwalay.com #life #wisdom"
70,2026-10-21,20:00,fulfilment,The Comparison Tax,numberless/blacklight-all/fulfilment/05-the-comparison-tax,"Every scroll charges a hidden tax.

Swipe till the end. Fulfilment begins where comparison ends.

Save this - share with someone who needs it.
More at www.shiwalay.com

#fulfilment #meaning #shiwalay #selfgrowth","Every scroll charges a hidden tax.

Fulfilment begins where comparison ends.

www.shiwalay.com #fulfilment #meaning"
71,2026-10-22,08:00,modern-wisdom,Information Obesity,numberless/blacklight-all/modern-wisdom/03-information-obesity,"Your grandparents lacked information.

Swipe till the end. The modern skill is filtering, not finding.

Save this - share with someone who needs it.
More at www.shiwalay.com

#modernlife #wisdom #shiwalay #selfgrowth","Your grandparents lacked information.

The modern skill is filtering, not finding.

www.shiwalay.com #modernlife #wisdom"
71,2026-10-22,12:00,friends,The Five People Rule,numberless/blacklight-all/friends/01-the-five-people-rule,"You are the average of the five people

Swipe till the end. Choose your circle like it's choosing your future. Because it is.

Save this - share with someone who needs it.
More at www.shiwalay.com

#friendship #connection #shiwalay #selfgrowth","You are the average of the five people

Choose your circle like it's choosing your future. Because it is.

www.shiwalay.com #friendship #connection"
71,2026-10-22,16:00,avoid-this-mistakes,Ignoring Health Till It Shouts,numberless/blacklight-all/avoid-this-mistakes/03-ignoring-health-till-it-shouts,"Your body whispers for years.

Swipe till the end. Health is the wealth every other wealth depends on.

Save this - share with someone who needs it.
More at www.shiwalay.com

#lifelessons #mistakes #shiwalay #selfgrowth","Your body whispers for years.

Health is the wealth every other wealth depends on.

www.shiwalay.com #lifelessons #mistakes"
71,2026-10-22,20:00,gita,The Ultimate Gita Lesson,numberless/blacklight-all/gita/20-the-ultimate-gita-lesson,"Imagine losing:

Swipe till the end. Build a life where success can add to you - but failure cannot take away who you are.

Save this - share with someone who needs it.
More at www.shiwalay.com

#bhagavadgita #dharma #shiwalay #selfgrowth","Imagine losing:

Build a life where success can add to you - but failure cannot take away who you are.

www.shiwalay.com #bhagavadgita #dharma"
72,2026-10-23,08:00,must-learn-before-40,How To Manage Energy,numberless/blacklight-all/must-learn-before-40/13-how-to-manage-energy,"Hours are equal.

Swipe till the end. Schedule by energy, not by clock.

Save this - share with someone who needs it.
More at www.shiwalay.com

#lifelessons #growth #shiwalay #selfgrowth","Hours are equal.

Schedule by energy, not by clock.

www.shiwalay.com #lifelessons #growth"
72,2026-10-23,12:00,never-give-up,Never Quit On A Bad Day,numberless/blacklight-all/never-give-up/16-never-quit-on-a-bad-day,"Rule:

Swipe till the end. If it still feels wrong in sunlight, then discuss.

Save this - share with someone who needs it.
More at www.shiwalay.com

#motivation #persistence #shiwalay #selfgrowth","Rule:

If it still feels wrong in sunlight, then discuss.

www.shiwalay.com #motivation #persistence"
72,2026-10-23,16:00,freedom,The Time Billionaire,numberless/blacklight-all/freedom/16-the-time-billionaire,"You may already be richer than a billionaire.

Swipe till the end. Stop selling your richest asset at your cheapest price.

Save this - share with someone who needs it.
More at www.shiwalay.com

#freedom #lifedesign #shiwalay #selfgrowth","You may already be richer than a billionaire.

Stop selling your richest asset at your cheapest price.

www.shiwalay.com #freedom #lifedesign"
72,2026-10-23,20:00,take-it-easy,It Was Never That Serious,numberless/blacklight-all/take-it-easy/20-it-was-never-that-serious,"On your last day,

Swipe till the end. Live accordingly. It was never that serious.

Save this - share with someone who needs it.
More at www.shiwalay.com

#peace #mentalhealth #shiwalay #selfgrowth","On your last day,

Live accordingly. It was never that serious.

www.shiwalay.com #peace #mentalhealth"
73,2026-10-24,08:00,take-it-easy,Chai Breaks Are Strategy,numberless/blacklight-all/take-it-easy/17-chai-breaks-are-strategy,"The pause improves the decision.

Swipe till the end. A chai break is a thinking technique.

Save this - share with someone who needs it.
More at www.shiwalay.com

#peace #mentalhealth #shiwalay #selfgrowth","The pause improves the decision.

A chai break is a thinking technique.

www.shiwalay.com #peace #mentalhealth"
73,2026-10-24,12:00,think-they-are,You Think You're Smart,numberless/blacklight-all/think-they-are/07-you-think-you-re-smart,"You think you're smart.

Swipe till the end. It's having the courage to replace a wrong answer with a better one.

Save this - share with someone who needs it.
More at www.shiwalay.com

#selfawareness #truth #shiwalay #selfgrowth","You think you're smart.

It's having the courage to replace a wrong answer with a better one.

www.shiwalay.com #selfawareness #truth"
73,2026-10-24,16:00,if-you-are-starting-again,Say Yes To Rooms,numberless/blacklight-all/if-you-are-starting-again/06-say-yes-to-rooms,"If I were starting again:

Swipe till the end. Show up where luck has an address.

Save this - share with someone who needs it.
More at www.shiwalay.com

#lifelessons #adviceto20s #shiwalay #selfgrowth","If I were starting again:

Show up where luck has an address.

www.shiwalay.com #lifelessons #adviceto20s"
73,2026-10-24,20:00,must-learn-before-40,How To Listen,numberless/blacklight-all/must-learn-before-40/09-how-to-listen,"You've spent decades talking.

Swipe till the end. Before 40, learn to hear more than words.

Save this - share with someone who needs it.
More at www.shiwalay.com

#lifelessons #growth #shiwalay #selfgrowth","You've spent decades talking.

Before 40, learn to hear more than words.

www.shiwalay.com #lifelessons #growth"
74,2026-10-25,08:00,freedom,The Number Trap,numberless/blacklight-all/freedom/04-the-number-trap,"""I'll be free when I hit the number.""

Swipe till the end. Freedom starts when your peace stops needing permission from a bigger number.

Save this - share with someone who needs it.
More at www.shiwalay.com

#freedom #lifedesign #shiwalay #selfgrowth","""I'll be free when I hit the number.""

Freedom starts when your peace stops needing permission from a bigger number.

www.shiwalay.com #freedom #lifedesign"
74,2026-10-25,12:00,never-give-up,The Montage Scene,numberless/blacklight-all/never-give-up/14-the-montage-scene,"Every great story has this part.

Swipe till the end. This chapter is what makes the ending worth watching.

Save this - share with someone who needs it.
More at www.shiwalay.com

#motivation #persistence #shiwalay #selfgrowth","Every great story has this part.

This chapter is what makes the ending worth watching.

www.shiwalay.com #motivation #persistence"
74,2026-10-25,16:00,dark-manipulation,Triangulation,numberless/blacklight-all/dark-manipulation/05-triangulation,"""Even others think

Swipe till the end. Talk one to one. Refuse the invisible jury.

Save this - share with someone who needs it.
More at www.shiwalay.com

#psychology #awareness #shiwalay #selfgrowth","""Even others think

Talk one to one. Refuse the invisible jury.

www.shiwalay.com #psychology #awareness"
74,2026-10-25,20:00,fulfilment,Meaning Over Mood,numberless/blacklight-all/fulfilment/06-meaning-over-mood,"Happiness is a mood.

Swipe till the end. Build meaning, and even hard days count.

Save this - share with someone who needs it.
More at www.shiwalay.com

#fulfilment #meaning #shiwalay #selfgrowth","Happiness is a mood.

Build meaning, and even hard days count.

www.shiwalay.com #fulfilment #meaning"
75,2026-10-26,08:00,love-to-read,More Valuable Than Your Income,numberless/blacklight-all/love-to-read/14-more-valuable-than-your-income,"Your salary is a number.

Swipe till the end. Potential doesn't pay. Value that reaches the market does.

Save this - share with someone who needs it.
More at www.shiwalay.com

#life #wisdom #shiwalay #selfgrowth","Your salary is a number.

Potential doesn't pay. Value that reaches the market does.

www.shiwalay.com #life #wisdom"
75,2026-10-26,12:00,family,Boundaries Are Love,numberless/blacklight-all/family/15-boundaries-are-love,"""It's family"" doesn't mean

Swipe till the end. Sometimes distance protects the love that closeness was destroying.

Save this - share with someone who needs it.
More at www.shiwalay.com

#family #relationships #shiwalay #selfgrowth","""It's family"" doesn't mean

Sometimes distance protects the love that closeness was destroying.

www.shiwalay.com #family #relationships"
75,2026-10-26,16:00,self-protection,Exit Skills,numberless/blacklight-all/self-protection/19-exit-skills,"Know how to leave:

Swipe till the end. Every door you can exit is power you hold.

Save this - share with someone who needs it.
More at www.shiwalay.com

#boundaries #selfrespect #shiwalay #selfgrowth","Know how to leave:

Every door you can exit is power you hold.

www.shiwalay.com #boundaries #selfrespect"
75,2026-10-26,20:00,your-enemies,Free Audits,numberless/blacklight-all/your-enemies/05-free-audits,"Enemies audit you for free.

Swipe till the end. An enemy's criticism is unpaid consulting.

Save this - share with someone who needs it.
More at www.shiwalay.com

#mindset #growth #shiwalay #selfgrowth","Enemies audit you for free.

An enemy's criticism is unpaid consulting.

www.shiwalay.com #mindset #growth"
76,2026-10-27,08:00,gita,Knowledge Changes Action,numberless/blacklight-all/gita/12-knowledge-changes-action,"You don't become wise by collecting information.

Swipe till the end. Knowledge becomes wisdom when it enters your actions.

Save this - share with someone who needs it.
More at www.shiwalay.com

#bhagavadgita #dharma #shiwalay #selfgrowth","You don't become wise by collecting information.

Knowledge becomes wisdom when it enters your actions.

www.shiwalay.com #bhagavadgita #dharma"
76,2026-10-27,12:00,friends,The Drifted Friend,numberless/blacklight-all/friends/02-the-drifted-friend,"You have a friend you haven't

Swipe till the end. Someone has to go first. Let it be you.

Save this - share with someone who needs it.
More at www.shiwalay.com

#friendship #connection #shiwalay #selfgrowth","You have a friend you haven't

Someone has to go first. Let it be you.

www.shiwalay.com #friendship #connection"
76,2026-10-27,16:00,listen-carefully,Watch The Waiter Test,numberless/blacklight-all/listen-carefully/13-watch-the-waiter-test,"Listen to how they speak

Swipe till the end. People show you early. Believe the preview.

Save this - share with someone who needs it.
More at www.shiwalay.com

#communication #psychology #shiwalay #selfgrowth","Listen to how they speak

People show you early. Believe the preview.

www.shiwalay.com #communication #psychology"
76,2026-10-27,20:00,system-works,Owners vs Earners,numberless/blacklight-all/system-works/10-owners-vs-earners,"The system pays ownership

Swipe till the end. Employees earn. Owners multiply.

Save this - share with someone who needs it.
More at www.shiwalay.com

#financialliteracy #systems #shiwalay #selfgrowth","The system pays ownership

Employees earn. Owners multiply.

www.shiwalay.com #financialliteracy #systems"
77,2026-10-28,08:00,faith,"Grace, Not Godhood",numberless/blacklight-all/faith/15-grace-not-godhood,"Put ultimate faith in people,

Swipe till the end. Keep ultimate trust for what's unshakeable.

Save this - share with someone who needs it.
More at www.shiwalay.com

#faith #trust #shiwalay #selfgrowth","Put ultimate faith in people,

Keep ultimate trust for what's unshakeable.

www.shiwalay.com #faith #trust"
77,2026-10-28,12:00,modern-wisdom,The Loneliness Epidemic,numberless/blacklight-all/modern-wisdom/09-the-loneliness-epidemic,"We're the most connected

Swipe till the end. Trade 100 shallow pings for one deep conversation.

Save this - share with someone who needs it.
More at www.shiwalay.com

#modernlife #wisdom #shiwalay #selfgrowth","We're the most connected

Trade 100 shallow pings for one deep conversation.

www.shiwalay.com #modernlife #wisdom"
77,2026-10-28,16:00,money,The Invisible Wealth Gap,numberless/blacklight-all/money/08-the-invisible-wealth-gap,"Two people earn Rs 1 lakh a month.

Swipe till the end. Your financial future is shaped less by what you earn - and more by what you do with it.

Save this - share with someone who needs it.
More at www.shiwalay.com

#money #wealth #shiwalay #selfgrowth","Two people earn Rs 1 lakh a month.

Your financial future is shaped less by what you earn - and more by what you do with it.

www.shiwalay.com #money #wealth"
77,2026-10-28,20:00,hit-hard,You'll Be Forgotten,numberless/blacklight-all/hit-hard/17-you-ll-be-forgotten,"In three generations,

Swipe till the end. Live for the life, not the monument.

Save this - share with someone who needs it.
More at www.shiwalay.com

#hardtruths #discipline #shiwalay #selfgrowth","In three generations,

Live for the life, not the monument.

www.shiwalay.com #hardtruths #discipline"
78,2026-10-29,08:00,hide-this-secrets,Your Good Deeds,numberless/blacklight-all/hide-this-secrets/04-your-good-deeds,"Charity announced

Swipe till the end. Let some kindness stay unphotographed.

Save this - share with someone who needs it.
More at www.shiwalay.com

#privacy #strategy #shiwalay #selfgrowth","Charity announced

Let some kindness stay unphotographed.

www.shiwalay.com #privacy #strategy"
78,2026-10-29,12:00,avoid-this-mistakes,Deciding Under Pressure,numberless/blacklight-all/avoid-this-mistakes/02-deciding-under-pressure,"Career, marriage, city -

Swipe till the end. Big decisions deserve your pace, not their panic.

Save this - share with someone who needs it.
More at www.shiwalay.com

#lifelessons #mistakes #shiwalay #selfgrowth","Career, marriage, city -

Big decisions deserve your pace, not their panic.

www.shiwalay.com #lifelessons #mistakes"
78,2026-10-29,16:00,try-this-3-things,Against Anxiety,numberless/blacklight-all/try-this-3-things/06-against-anxiety,"Chest tight?

Swipe till the end. You can't think your way calm. You can breathe your way there.

Save this - share with someone who needs it.
More at www.shiwalay.com

#selfimprovement #habits #shiwalay #selfgrowth","Chest tight?

You can't think your way calm. You can breathe your way there.

www.shiwalay.com #selfimprovement #habits"
78,2026-10-29,20:00,try-this-trick,"Ask For Advice, Not Feedback",numberless/blacklight-all/try-this-trick/04-ask-for-advice-not-feedback,"""Feedback"" invites criticism.

Swipe till the end. Turn judges into mentors with one changed word.

Save this - share with someone who needs it.
More at www.shiwalay.com

#lifehacks #psychology #shiwalay #selfgrowth","""Feedback"" invites criticism.

Turn judges into mentors with one changed word.

www.shiwalay.com #lifehacks #psychology"
79,2026-10-30,08:00,faith,Small Faith Is Enough,numberless/blacklight-all/faith/05-small-faith-is-enough,"You don't need mountain-moving faith today.

Swipe till the end. Walk with the light you have. More appears as you move.

Save this - share with someone who needs it.
More at www.shiwalay.com

#faith #trust #shiwalay #selfgrowth","You don't need mountain-moving faith today.

Walk with the light you have. More appears as you move.

www.shiwalay.com #faith #trust"
79,2026-10-30,12:00,hit-hard,Potential Expires,numberless/blacklight-all/hit-hard/05-potential-expires,"""So much potential""

Swipe till the end. Cash your potential while it's still currency.

Save this - share with someone who needs it.
More at www.shiwalay.com

#hardtruths #discipline #shiwalay #selfgrowth","""So much potential""

Cash your potential while it's still currency.

www.shiwalay.com #hardtruths #discipline"
79,2026-10-30,16:00,freedom,The Two Prices,numberless/blacklight-all/freedom/03-the-two-prices,"Freedom has two prices.

Swipe till the end. You always pay. Choose your price.

Save this - share with someone who needs it.
More at www.shiwalay.com

#freedom #lifedesign #shiwalay #selfgrowth","Freedom has two prices.

You always pay. Choose your price.

www.shiwalay.com #freedom #lifedesign"
79,2026-10-30,20:00,your-enemies,Feed No Trolls,numberless/blacklight-all/your-enemies/04-feed-no-trolls,"Every reply is a meal.

Swipe till the end. Starve the drama. Feed the dream.

Save this - share with someone who needs it.
More at www.shiwalay.com

#mindset #growth #shiwalay #selfgrowth","Every reply is a meal.

Starve the drama. Feed the dream.

www.shiwalay.com #mindset #growth"
80,2026-10-31,08:00,avoid-this-mistakes,Waiting For Perfect,numberless/blacklight-all/avoid-this-mistakes/12-waiting-for-perfect,"Perfect timing. Perfect plan.

Swipe till the end. Start rough. Refine live.

Save this - share with someone who needs it.
More at www.shiwalay.com

#lifelessons #mistakes #shiwalay #selfgrowth","Perfect timing. Perfect plan.

Start rough. Refine live.

www.shiwalay.com #lifelessons #mistakes"
80,2026-10-31,12:00,modern-wisdom,Slow Is The New Rich,numberless/blacklight-all/modern-wisdom/05-slow-is-the-new-rich,"Everyone is rushing.

Swipe till the end. Speed is cheap now. Slowness is status.

Save this - share with someone who needs it.
More at www.shiwalay.com

#modernlife #wisdom #shiwalay #selfgrowth","Everyone is rushing.

Speed is cheap now. Slowness is status.

www.shiwalay.com #modernlife #wisdom"
80,2026-10-31,16:00,dark-manipulation,The Reversal,numberless/blacklight-all/dark-manipulation/07-the-reversal,"You raise a concern.

Swipe till the end. Stay on topic. One issue. Don't accept the reversal.

Save this - share with someone who needs it.
More at www.shiwalay.com

#psychology #awareness #shiwalay #selfgrowth","You raise a concern.

Stay on topic. One issue. Don't accept the reversal.

www.shiwalay.com #psychology #awareness"
80,2026-10-31,20:00,love-to-read,Why People Remember You,numberless/blacklight-all/love-to-read/11-why-people-remember-you,"People may forget what you said.

Swipe till the end. Your emotional impact can outlive your achievements.

Save this - share with someone who needs it.
More at www.shiwalay.com

#life #wisdom #shiwalay #selfgrowth","People may forget what you said.

Your emotional impact can outlive your achievements.

www.shiwalay.com #life #wisdom"
81,2026-11-01,08:00,never-give-up,Keep The Promise,numberless/blacklight-all/never-give-up/20-keep-the-promise,"The whole game is this:

Swipe till the end. Outlast the noise. Collect the life.

Save this - share with someone who needs it.
More at www.shiwalay.com

#motivation #persistence #shiwalay #selfgrowth","The whole game is this:

Outlast the noise. Collect the life.

www.shiwalay.com #motivation #persistence"
81,2026-11-01,12:00,if-you-are-starting-again,It Goes Fast,numberless/blacklight-all/if-you-are-starting-again/20-it-goes-fast,"If I were starting again:

Swipe till the end. And here's the secret: you ARE starting again. Today.

Save this - share with someone who needs it.
More at www.shiwalay.com

#lifelessons #adviceto20s #shiwalay #selfgrowth","If I were starting again:

And here's the secret: you ARE starting again. Today.

www.shiwalay.com #lifelessons #adviceto20s"
81,2026-11-01,16:00,try-this-3-things,To Fix Your Feed,numberless/blacklight-all/try-this-3-things/12-to-fix-your-feed,"Feel worse after scrolling?

Swipe till the end. Your feed is a diet. Cook it yourself.

Save this - share with someone who needs it.
More at www.shiwalay.com

#selfimprovement #habits #shiwalay #selfgrowth","Feel worse after scrolling?

Your feed is a diet. Cook it yourself.

www.shiwalay.com #selfimprovement #habits"
81,2026-11-01,20:00,hide-this-secrets,Your Dislikes,numberless/blacklight-all/hide-this-secrets/10-your-dislikes,"Don't publish

Swipe till the end. Cordial with all. Close with few. Enemies with none - publicly.

Save this - share with someone who needs it.
More at www.shiwalay.com

#privacy #strategy #shiwalay #selfgrowth","Don't publish

Cordial with all. Close with few. Enemies with none - publicly.

www.shiwalay.com #privacy #strategy"
82,2026-11-02,08:00,take-it-easy,They Forgot Already,numberless/blacklight-all/take-it-easy/08-they-forgot-already,"That embarrassing moment

Swipe till the end. Free yourself from an audience that left.

Save this - share with someone who needs it.
More at www.shiwalay.com

#peace #mentalhealth #shiwalay #selfgrowth","That embarrassing moment

Free yourself from an audience that left.

www.shiwalay.com #peace #mentalhealth"
82,2026-11-02,12:00,listen-carefully,Read The Negative Space,numberless/blacklight-all/listen-carefully/19-read-the-negative-space,"Listen for what's missing.

Swipe till the end. What people consistently skip is a message too.

Save this - share with someone who needs it.
More at www.shiwalay.com

#communication #psychology #shiwalay #selfgrowth","Listen for what's missing.

What people consistently skip is a message too.

www.shiwalay.com #communication #psychology"
82,2026-11-02,16:00,try-this-trick,Don't Break The Chain,numberless/blacklight-all/try-this-trick/16-don-t-break-the-chain,"Mark an X on the calendar

Swipe till the end. Don't break the chain.

Save this - share with someone who needs it.
More at www.shiwalay.com

#lifehacks #psychology #shiwalay #selfgrowth","Mark an X on the calendar

Don't break the chain.

www.shiwalay.com #lifehacks #psychology"
82,2026-11-02,20:00,family,The Family Group Chat,numberless/blacklight-all/family/18-the-family-group-chat,"200 good-morning messages.

Swipe till the end. Call one family member today. Not the group. One person.

Save this - share with someone who needs it.
More at www.shiwalay.com

#family #relationships #shiwalay #selfgrowth","200 good-morning messages.

Call one family member today. Not the group. One person.

www.shiwalay.com #family #relationships"
83,2026-11-03,08:00,fulfilment,Borrowed Dreams,numberless/blacklight-all/fulfilment/04-borrowed-dreams,"You may be chasing a dream that isn't yours.

Swipe till the end. An ordinary day of your own dream beats a great day of a borrowed one.

Save this - share with someone who needs it.
More at www.shiwalay.com

#fulfilment #meaning #shiwalay #selfgrowth","You may be chasing a dream that isn't yours.

An ordinary day of your own dream beats a great day of a borrowed one.

www.shiwalay.com #fulfilment #meaning"
83,2026-11-03,12:00,money,Your First Rs 1 Crore,numberless/blacklight-all/money/12-your-first-rs-1-crore,"Your first Rs 1 crore is probably the hardest.

Swipe till the end. After that, you're no longer starting from zero.

Save this - share with someone who needs it.
More at www.shiwalay.com

#money #wealth #shiwalay #selfgrowth","Your first Rs 1 crore is probably the hardest.

After that, you're no longer starting from zero.

www.shiwalay.com #money #wealth"
83,2026-11-03,16:00,self-protection,Emotional Vampires,numberless/blacklight-all/self-protection/07-emotional-vampires,"Some conversations always leave you empty.

Swipe till the end. You're a person, not a rescue center.

Save this - share with someone who needs it.
More at www.shiwalay.com

#boundaries #selfrespect #shiwalay #selfgrowth","Some conversations always leave you empty.

You're a person, not a rescue center.

www.shiwalay.com #boundaries #selfrespect"
83,2026-11-03,20:00,friends,The Lonely Crowd,numberless/blacklight-all/friends/11-the-lonely-crowd,"Surrounded by people.

Swipe till the end. Loneliness isn't lack of people. It's lack of being known.

Save this - share with someone who needs it.
More at www.shiwalay.com

#friendship #connection #shiwalay #selfgrowth","Surrounded by people.

Loneliness isn't lack of people. It's lack of being known.

www.shiwalay.com #friendship #connection"
84,2026-11-04,08:00,must-learn-before-40,What Only Time Can Build,numberless/blacklight-all/must-learn-before-40/20-what-only-time-can-build,"Some things cannot be rushed.

Swipe till the end. Before 40, learn to plant things you won't harvest this year.

Save this - share with someone who needs it.
More at www.shiwalay.com

#lifelessons #growth #shiwalay #selfgrowth","Some things cannot be rushed.

Before 40, learn to plant things you won't harvest this year.

www.shiwalay.com #lifelessons #growth"
84,2026-11-04,12:00,system-works,The Salary Ceiling,numberless/blacklight-all/system-works/08-the-salary-ceiling,"A job pays the minimum

Swipe till the end. Increase what it costs to replace you.

Save this - share with someone who needs it.
More at www.shiwalay.com

#financialliteracy #systems #shiwalay #selfgrowth","A job pays the minimum

Increase what it costs to replace you.

www.shiwalay.com #financialliteracy #systems"
84,2026-11-04,16:00,think-they-are,You Think You're Strong,numberless/blacklight-all/think-they-are/14-you-think-you-re-strong,"You think you're strong because you never cry.

Swipe till the end. Real strength doesn't need to pretend it feels nothing.

Save this - share with someone who needs it.
More at www.shiwalay.com

#selfawareness #truth #shiwalay #selfgrowth","You think you're strong because you never cry.

Real strength doesn't need to pretend it feels nothing.

www.shiwalay.com #selfawareness #truth"
84,2026-11-04,20:00,gita,Action Without Attachment,numberless/blacklight-all/gita/09-action-without-attachment,"Imagine working incredibly hard...

Swipe till the end. Detached action isn't lack of ambition. It's ambition without psychological slavery to results.

Save this - share with someone who needs it.
More at www.shiwalay.com

#bhagavadgita #dharma #shiwalay #selfgrowth","Imagine working incredibly hard...

Detached action isn't lack of ambition. It's ambition without psychological slavery to results.

www.shiwalay.com #bhagavadgita #dharma"
85,2026-11-05,08:00,faith,One Step Of Light,numberless/blacklight-all/faith/19-one-step-of-light,"You want the whole staircase lit.

Swipe till the end. Take the step. The next one lights after.

Save this - share with someone who needs it.
More at www.shiwalay.com

#faith #trust #shiwalay #selfgrowth","You want the whole staircase lit.

Take the step. The next one lights after.

www.shiwalay.com #faith #trust"
85,2026-11-05,12:00,freedom,The Permission Habit,numberless/blacklight-all/freedom/12-the-permission-habit,"You were trained to ask permission.

Swipe till the end. Nobody hands out freedom. You take responsibility for it.

Save this - share with someone who needs it.
More at www.shiwalay.com

#freedom #lifedesign #shiwalay #selfgrowth","You were trained to ask permission.

Nobody hands out freedom. You take responsibility for it.

www.shiwalay.com #freedom #lifedesign"
85,2026-11-05,16:00,must-learn-before-40,How To Apologize,numberless/blacklight-all/must-learn-before-40/04-how-to-apologize,"Most adults never learn this.

Swipe till the end. A clean apology isn't weakness. It's rare strength.

Save this - share with someone who needs it.
More at www.shiwalay.com

#lifelessons #growth #shiwalay #selfgrowth","Most adults never learn this.

A clean apology isn't weakness. It's rare strength.

www.shiwalay.com #lifelessons #growth"
85,2026-11-05,20:00,dark-manipulation,Gaslighting,numberless/blacklight-all/dark-manipulation/01-gaslighting,"""That never happened.

Swipe till the end. Keep records. Trust patterns. Reality doesn't need their approval.

Save this - share with someone who needs it.
More at www.shiwalay.com

#psychology #awareness #shiwalay #selfgrowth","""That never happened.

Keep records. Trust patterns. Reality doesn't need their approval.

www.shiwalay.com #psychology #awareness"
86,2026-11-06,08:00,friends,Friends Who Became Family,numberless/blacklight-all/friends/12-friends-who-became-family,"Some friends crossed a line quietly.

Swipe till the end. Tell them. People should know their rank.

Save this - share with someone who needs it.
More at www.shiwalay.com

#friendship #connection #shiwalay #selfgrowth","Some friends crossed a line quietly.

Tell them. People should know their rank.

www.shiwalay.com #friendship #connection"
86,2026-11-06,12:00,take-it-easy,Joy Needs No Permission,numberless/blacklight-all/take-it-easy/19-joy-needs-no-permission,"You keep earning rest

Swipe till the end. Take it easy - not because you finished, but because you're human.

Save this - share with someone who needs it.
More at www.shiwalay.com

#peace #mentalhealth #shiwalay #selfgrowth","You keep earning rest

Take it easy - not because you finished, but because you're human.

www.shiwalay.com #peace #mentalhealth"
86,2026-11-06,16:00,money,The Rich Don't Think Like This,numberless/blacklight-all/money/05-the-rich-don-t-think-like-this,"Want to know one question wealthy people ask?

Swipe till the end. The question changes the decision. The decision changes the future.

Save this - share with someone who needs it.
More at www.shiwalay.com

#money #wealth #shiwalay #selfgrowth","Want to know one question wealthy people ask?

The question changes the decision. The decision changes the future.

www.shiwalay.com #money #wealth"
86,2026-11-06,20:00,love-to-read,Your Child Will Grow Up,numberless/blacklight-all/love-to-read/17-your-child-will-grow-up,"Your child is growing up while you're busy building a future for them.

Swipe till the end. Don't sacrifice every present moment for a future your family may experience without you.

Save this - share with someone who needs it.
More at www.shiwalay.com

#life #wisdom #shiwalay #selfgrowth","Your child is growing up while you're busy building a future for them.

Don't sacrifice every present moment for a future your family may experience without you.

www.shiwalay.com #life #wisdom"
87,2026-11-07,08:00,fulfilment,The Deathbed Filter,numberless/blacklight-all/fulfilment/10-the-deathbed-filter,"A strange filter for decisions:

Swipe till the end. Live more of what will matter then, now.

Save this - share with someone who needs it.
More at www.shiwalay.com

#fulfilment #meaning #shiwalay #selfgrowth","A strange filter for decisions:

Live more of what will matter then, now.

www.shiwalay.com #fulfilment #meaning"
87,2026-11-07,12:00,self-protection,The Repeat Rule,numberless/blacklight-all/self-protection/06-the-repeat-rule,"Forgive once.

Swipe till the end. Grace has limits. So should access.

Save this - share with someone who needs it.
More at www.shiwalay.com

#boundaries #selfrespect #shiwalay #selfgrowth","Forgive once.

Grace has limits. So should access.

www.shiwalay.com #boundaries #selfrespect"
87,2026-11-07,16:00,your-enemies,The Best Revenge,numberless/blacklight-all/your-enemies/03-the-best-revenge,"Revenge keeps you

Swipe till the end. Become someone their opinion can't reach.

Save this - share with someone who needs it.
More at www.shiwalay.com

#mindset #growth #shiwalay #selfgrowth","Revenge keeps you

Become someone their opinion can't reach.

www.shiwalay.com #mindset #growth"
87,2026-11-07,20:00,if-you-are-starting-again,Choose Rooms Carefully,numberless/blacklight-all/if-you-are-starting-again/05-choose-rooms-carefully,"If I were starting again:

Swipe till the end. You become the average of the rooms you sit in.

Save this - share with someone who needs it.
More at www.shiwalay.com

#lifelessons #adviceto20s #shiwalay #selfgrowth","If I were starting again:

You become the average of the rooms you sit in.

www.shiwalay.com #lifelessons #adviceto20s"
88,2026-11-08,08:00,avoid-this-mistakes,Money Between Friends,numberless/blacklight-all/avoid-this-mistakes/13-money-between-friends,"Casual loans.

Swipe till the end. Paper protects friendships better than trust alone.

Save this - share with someone who needs it.
More at www.shiwalay.com

#lifelessons #mistakes #shiwalay #selfgrowth","Casual loans.

Paper protects friendships better than trust alone.

www.shiwalay.com #lifelessons #mistakes"
88,2026-11-08,12:00,think-they-are,You Think You're A Good Parent,numberless/blacklight-all/think-they-are/15-you-think-you-re-a-good-parent,"You provide everything.

Swipe till the end. Your child may remember your attention longer than your possessions.

Save this - share with someone who needs it.
More at www.shiwalay.com

#selfawareness #truth #shiwalay #selfgrowth","You provide everything.

Your child may remember your attention longer than your possessions.

www.shiwalay.com #selfawareness #truth"
88,2026-11-08,16:00,gita,Surrender Is Not Giving Up,numberless/blacklight-all/gita/18-surrender-is-not-giving-up,"People misunderstand surrender.

Swipe till the end. Surrender the ego's demand to control the universe. Don't surrender your responsibility to act.

Save this - share with someone who needs it.
More at www.shiwalay.com

#bhagavadgita #dharma #shiwalay #selfgrowth","People misunderstand surrender.

Surrender the ego's demand to control the universe. Don't surrender your responsibility to act.

www.shiwalay.com #bhagavadgita #dharma"
88,2026-11-08,20:00,hide-this-secrets,Your Empty House,numberless/blacklight-all/hide-this-secrets/18-your-empty-house,"Don't broadcast live locations,

Swipe till the end. Post the trip after you're back.

Save this - share with someone who needs it.
More at www.shiwalay.com

#privacy #strategy #shiwalay #selfgrowth","Don't broadcast live locations,

Post the trip after you're back.

www.shiwalay.com #privacy #strategy"
89,2026-11-09,08:00,try-this-3-things,To Read More,numberless/blacklight-all/try-this-3-things/18-to-read-more,"Bought books, read none?

Swipe till the end. Ten pages a day is twelve books a year.

Save this - share with someone who needs it.
More at www.shiwalay.com

#selfimprovement #habits #shiwalay #selfgrowth","Bought books, read none?

Ten pages a day is twelve books a year.

www.shiwalay.com #selfimprovement #habits"
89,2026-11-09,12:00,modern-wisdom,The Outrage Machine,numberless/blacklight-all/modern-wisdom/07-the-outrage-machine,"Angry content travels

Swipe till the end. Ask of every rage-post: ""Who is monetizing my anger?""

Save this - share with someone who needs it.
More at www.shiwalay.com

#modernlife #wisdom #shiwalay #selfgrowth","Angry content travels

Ask of every rage-post: ""Who is monetizing my anger?""

www.shiwalay.com #modernlife #wisdom"
89,2026-11-09,16:00,family,Sharma Ji Ka Beta,numberless/blacklight-all/family/14-sharma-ji-ka-beta,"""Look at Sharma ji's son.""

Swipe till the end. End it with your own kids: compare them only to who they were yesterday.

Save this - share with someone who needs it.
More at www.shiwalay.com

#family #relationships #shiwalay #selfgrowth","""Look at Sharma ji's son.""

End it with your own kids: compare them only to who they were yesterday.

www.shiwalay.com #family #relationships"
89,2026-11-09,20:00,system-works,Follow The Incentives,numberless/blacklight-all/system-works/01-follow-the-incentives,"Confused by someone's behavior?

Swipe till the end. Don't listen to the sermon. Look at the salary.

Save this - share with someone who needs it.
More at www.shiwalay.com

#financialliteracy #systems #shiwalay #selfgrowth","Confused by someone's behavior?

Don't listen to the sermon. Look at the salary.

www.shiwalay.com #financialliteracy #systems"
90,2026-11-10,08:00,listen-carefully,Complaints Are Requests,numberless/blacklight-all/listen-carefully/17-complaints-are-requests,"Every complaint hides a request.

Swipe till the end. Fights shrink when someone finally hears the actual ask.

Save this - share with someone who needs it.
More at www.shiwalay.com

#communication #psychology #shiwalay #selfgrowth","Every complaint hides a request.

Fights shrink when someone finally hears the actual ask.

www.shiwalay.com #communication #psychology"
90,2026-11-10,12:00,never-give-up,"Rest, Don't Quit",numberless/blacklight-all/never-give-up/07-rest-don-t-quit,"Exhausted isn't defeated.

Swipe till the end. Never confuse needing rest with needing to quit.

Save this - share with someone who needs it.
More at www.shiwalay.com

#motivation #persistence #shiwalay #selfgrowth","Exhausted isn't defeated.

Never confuse needing rest with needing to quit.

www.shiwalay.com #motivation #persistence"
90,2026-11-10,16:00,try-this-trick,The 10-10-10 Rule,numberless/blacklight-all/try-this-trick/05-the-10-10-10-rule,"Before reacting, ask:

Swipe till the end. Perspective on demand.

Save this - share with someone who needs it.
More at www.shiwalay.com

#lifehacks #psychology #shiwalay #selfgrowth","Before reacting, ask:

Perspective on demand.

www.shiwalay.com #lifehacks #psychology"
90,2026-11-10,20:00,hit-hard,Pain Is The Tuition,numberless/blacklight-all/hit-hard/19-pain-is-the-tuition,"Every lesson charges tuition.

Swipe till the end. Pay early. Pay small.

Save this - share with someone who needs it.
More at www.shiwalay.com

#hardtruths #discipline #shiwalay #selfgrowth","Every lesson charges tuition.

Pay early. Pay small.

www.shiwalay.com #hardtruths #discipline"
91,2026-11-11,08:00,hide-this-secrets,Some Of Your Wins,numberless/blacklight-all/hide-this-secrets/12-some-of-your-wins,"Not every win

Swipe till the end. Some blessings grow better in the shade.

Save this - share with someone who needs it.
More at www.shiwalay.com

#privacy #strategy #shiwalay #selfgrowth","Not every win

Some blessings grow better in the shade.

www.shiwalay.com #privacy #strategy"
91,2026-11-11,12:00,try-this-trick,Change The Question,numberless/blacklight-all/try-this-trick/13-change-the-question,"Your brain answers

Swipe till the end. Better questions, better life.

Save this - share with someone who needs it.
More at www.shiwalay.com

#lifehacks #psychology #shiwalay #selfgrowth","Your brain answers

Better questions, better life.

www.shiwalay.com #lifehacks #psychology"
91,2026-11-11,16:00,think-they-are,You Think You're Hardworking,numberless/blacklight-all/think-they-are/08-you-think-you-re-hardworking,"You work 12 hours.

Swipe till the end. The question isn't ""How hard did I work?"" It's ""What changed because I worked?""

Save this - share with someone who needs it.
More at www.shiwalay.com

#selfawareness #truth #shiwalay #selfgrowth","You work 12 hours.

The question isn't ""How hard did I work?"" It's ""What changed because I worked?""

www.shiwalay.com #selfawareness #truth"
91,2026-11-11,20:00,self-protection,Boundaries Are Instructions,numberless/blacklight-all/self-protection/16-boundaries-are-instructions,"Boundaries aren't walls.

Swipe till the end. Set your terms, or live by theirs.

Save this - share with someone who needs it.
More at www.shiwalay.com

#boundaries #selfrespect #shiwalay #selfgrowth","Boundaries aren't walls.

Set your terms, or live by theirs.

www.shiwalay.com #boundaries #selfrespect"
92,2026-11-12,08:00,never-give-up,Built In Silence,numberless/blacklight-all/never-give-up/11-built-in-silence,"""Overnight success""

Swipe till the end. Respect your invisible season. It's working.

Save this - share with someone who needs it.
More at www.shiwalay.com

#motivation #persistence #shiwalay #selfgrowth","""Overnight success""

Respect your invisible season. It's working.

www.shiwalay.com #motivation #persistence"
92,2026-11-12,12:00,must-learn-before-40,How Your Body Ages,numberless/blacklight-all/must-learn-before-40/08-how-your-body-ages,"After 30, muscle leaves quietly

Swipe till the end. Build the body that will carry your old age.

Save this - share with someone who needs it.
More at www.shiwalay.com

#lifelessons #growth #shiwalay #selfgrowth","After 30, muscle leaves quietly

Build the body that will carry your old age.

www.shiwalay.com #lifelessons #growth"
92,2026-11-12,16:00,family,The Unsaid Sentences,numberless/blacklight-all/family/05-the-unsaid-sentences,"Every family has unsaid sentences.

Swipe till the end. Say the sentence while it can still be heard.

Save this - share with someone who needs it.
More at www.shiwalay.com

#family #relationships #shiwalay #selfgrowth","Every family has unsaid sentences.

Say the sentence while it can still be heard.

www.shiwalay.com #family #relationships"
92,2026-11-12,20:00,gita,The Three Modes,numberless/blacklight-all/gita/17-the-three-modes,"The Gita describes three gunas:

Swipe till the end. Before changing your life, learn to recognize the state of mind from which you're acting.

Save this - share with someone who needs it.
More at www.shiwalay.com

#bhagavadgita #dharma #shiwalay #selfgrowth","The Gita describes three gunas:

Before changing your life, learn to recognize the state of mind from which you're acting.

www.shiwalay.com #bhagavadgita #dharma"
93,2026-11-13,08:00,love-to-read,The People Who Love You,numberless/blacklight-all/love-to-read/04-the-people-who-love-you,"One day you'll realize something about your parents.

Swipe till the end. Understanding someone doesn't erase what happened. It simply helps you stop carrying it forever.

Save this - share with someone who needs it.
More at www.shiwalay.com

#life #wisdom #shiwalay #selfgrowth","One day you'll realize something about your parents.

Understanding someone doesn't erase what happened. It simply helps you stop carrying it forever.

www.shiwalay.com #life #wisdom"
93,2026-11-13,12:00,your-enemies,Outgrow The Battlefield,numberless/blacklight-all/your-enemies/20-outgrow-the-battlefield,"One day you'll be

Swipe till the end. The final victory is forgetting there was a war.

Save this - share with someone who needs it.
More at www.shiwalay.com

#mindset #growth #shiwalay #selfgrowth","One day you'll be

The final victory is forgetting there was a war.

www.shiwalay.com #mindset #growth"
93,2026-11-13,16:00,fulfilment,The Fulfilment Equation,numberless/blacklight-all/fulfilment/20-the-fulfilment-equation,"A rough equation for a full life:

Swipe till the end. Audit all three tonight. Feed the weakest.

Save this - share with someone who needs it.
More at www.shiwalay.com

#fulfilment #meaning #shiwalay #selfgrowth","A rough equation for a full life:

Audit all three tonight. Feed the weakest.

www.shiwalay.com #fulfilment #meaning"
93,2026-11-13,20:00,if-you-are-starting-again,Guard One Rest Day,numberless/blacklight-all/if-you-are-starting-again/18-guard-one-rest-day,"If I were starting again:

Swipe till the end. Rest was never the enemy of ambition. It's the fuel.

Save this - share with someone who needs it.
More at www.shiwalay.com

#lifelessons #adviceto20s #shiwalay #selfgrowth","If I were starting again:

Rest was never the enemy of ambition. It's the fuel.

www.shiwalay.com #lifelessons #adviceto20s"
94,2026-11-14,08:00,listen-carefully,Anger Is A Bodyguard,numberless/blacklight-all/listen-carefully/10-anger-is-a-bodyguard,"Anger guards softer things:

Swipe till the end. Answer the wound, not the weapon.

Save this - share with someone who needs it.
More at www.shiwalay.com

#communication #psychology #shiwalay #selfgrowth","Anger guards softer things:

Answer the wound, not the weapon.

www.shiwalay.com #communication #psychology"
94,2026-11-14,12:00,avoid-this-mistakes,The Proving Detour,numberless/blacklight-all/avoid-this-mistakes/11-the-proving-detour,"Years spent proving them wrong.

Swipe till the end. Build FOR something, not against someone.

Save this - share with someone who needs it.
More at www.shiwalay.com

#lifelessons #mistakes #shiwalay #selfgrowth","Years spent proving them wrong.

Build FOR something, not against someone.

www.shiwalay.com #lifelessons #mistakes"
94,2026-11-14,16:00,faith,Peace That Makes No Sense,numberless/blacklight-all/faith/20-peace-that-makes-no-sense,"Some peace is logical.

Swipe till the end. That peace is faith's signature. Follow it home.

Save this - share with someone who needs it.
More at www.shiwalay.com

#faith #trust #shiwalay #selfgrowth","Some peace is logical.

That peace is faith's signature. Follow it home.

www.shiwalay.com #faith #trust"
94,2026-11-14,20:00,take-it-easy,Reply Tomorrow,numberless/blacklight-all/take-it-easy/06-reply-tomorrow,"Not every message

Swipe till the end. You're a person, not a notification service.

Save this - share with someone who needs it.
More at www.shiwalay.com

#peace #mentalhealth #shiwalay #selfgrowth","Not every message

You're a person, not a notification service.

www.shiwalay.com #peace #mentalhealth"
95,2026-11-15,08:00,dark-manipulation,Rented Crowds,numberless/blacklight-all/dark-manipulation/12-rented-crowds,"""Everyone is buying it.""

Swipe till the end. Verify before you follow.

Save this - share with someone who needs it.
More at www.shiwalay.com

#psychology #awareness #shiwalay #selfgrowth","""Everyone is buying it.""

Verify before you follow.

www.shiwalay.com #psychology #awareness"
95,2026-11-15,12:00,system-works,How Banks Really Work,numberless/blacklight-all/system-works/04-how-banks-really-work,"The bank pays you 3%

Swipe till the end. Use banks. Don't let them use you.

Save this - share with someone who needs it.
More at www.shiwalay.com

#financialliteracy #systems #shiwalay #selfgrowth","The bank pays you 3%

Use banks. Don't let them use you.

www.shiwalay.com #financialliteracy #systems"
95,2026-11-15,16:00,modern-wisdom,The New Literacy,numberless/blacklight-all/modern-wisdom/13-the-new-literacy,"Reading was literacy.

Swipe till the end. Learn the languages your world is written in.

Save this - share with someone who needs it.
More at www.shiwalay.com

#modernlife #wisdom #shiwalay #selfgrowth","Reading was literacy.

Learn the languages your world is written in.

www.shiwalay.com #modernlife #wisdom"
95,2026-11-15,20:00,friends,Networking vs Friendship,numberless/blacklight-all/friends/19-networking-vs-friendship,"Networking asks:

Swipe till the end. Collect fewer contacts. Keep more people.

Save this - share with someone who needs it.
More at www.shiwalay.com

#friendship #connection #shiwalay #selfgrowth","Networking asks:

Collect fewer contacts. Keep more people.

www.shiwalay.com #friendship #connection"
96,2026-11-16,08:00,try-this-3-things,For Deeper Focus,numberless/blacklight-all/try-this-3-things/05-for-deeper-focus,"Can't concentrate?

Swipe till the end. Focus isn't found. It's protected.

Save this - share with someone who needs it.
More at www.shiwalay.com

#selfimprovement #habits #shiwalay #selfgrowth","Can't concentrate?

Focus isn't found. It's protected.

www.shiwalay.com #selfimprovement #habits"
96,2026-11-16,12:00,freedom,The Freedom Illusion,numberless/blacklight-all/freedom/01-the-freedom-illusion,"You think the next salary hike will set you free.

Swipe till the end. Freedom isn't earning more. It's owing less of your life to others.

Save this - share with someone who needs it.
More at www.shiwalay.com

#freedom #lifedesign #shiwalay #selfgrowth","You think the next salary hike will set you free.

Freedom isn't earning more. It's owing less of your life to others.

www.shiwalay.com #freedom #lifedesign"
96,2026-11-16,16:00,hit-hard,Discipline Is Self-Love,numberless/blacklight-all/hit-hard/12-discipline-is-self-love,"Discipline isn't punishment.

Swipe till the end. The strictness IS the love.

Save this - share with someone who needs it.
More at www.shiwalay.com

#hardtruths #discipline #shiwalay #selfgrowth","Discipline isn't punishment.

The strictness IS the love.

www.shiwalay.com #hardtruths #discipline"
96,2026-11-16,20:00,money,Why Hard Work Isn't Enough,numberless/blacklight-all/money/14-why-hard-work-isn-t-enough,"You can work 12 hours a day

Swipe till the end. Don't only increase effort. Increase leverage.

Save this - share with someone who needs it.
More at www.shiwalay.com

#money #wealth #shiwalay #selfgrowth","You can work 12 hours a day

Don't only increase effort. Increase leverage.

www.shiwalay.com #money #wealth"
97,2026-11-17,08:00,family,Grandparents Are Libraries,numberless/blacklight-all/family/13-grandparents-are-libraries,"Your grandparents are libraries.

Swipe till the end. Record them. One hour of questions. Future generations will thank you.

Save this - share with someone who needs it.
More at www.shiwalay.com

#family #relationships #shiwalay #selfgrowth","Your grandparents are libraries.

Record them. One hour of questions. Future generations will thank you.

www.shiwalay.com #family #relationships"
97,2026-11-17,12:00,modern-wisdom,The Status Game You Didn't Choose,numberless/blacklight-all/modern-wisdom/04-the-status-game-you-didn-t-choose,"You're playing a status game right now.

Swipe till the end. Pick games where the prize is a life you actually want.

Save this - share with someone who needs it.
More at www.shiwalay.com

#modernlife #wisdom #shiwalay #selfgrowth","You're playing a status game right now.

Pick games where the prize is a life you actually want.

www.shiwalay.com #modernlife #wisdom"
97,2026-11-17,16:00,think-they-are,You Think You're A Leader,numberless/blacklight-all/think-they-are/06-you-think-you-re-a-leader,"You think you're a leader.

Swipe till the end. If everything stops when you leave, you created dependence - not leadership.

Save this - share with someone who needs it.
More at www.shiwalay.com

#selfawareness #truth #shiwalay #selfgrowth","You think you're a leader.

If everything stops when you leave, you created dependence - not leadership.

www.shiwalay.com #selfawareness #truth"
97,2026-11-17,20:00,try-this-trick,Use Their Name,numberless/blacklight-all/try-this-trick/02-use-their-name,"Want instant warmth?

Swipe till the end. ""Thank you, Rahul"" lands deeper than ""thanks"" ever will.

Save this - share with someone who needs it.
More at www.shiwalay.com

#lifehacks #psychology #shiwalay #selfgrowth","Want instant warmth?

""Thank you, Rahul"" lands deeper than ""thanks"" ever will.

www.shiwalay.com #lifehacks #psychology"
98,2026-11-18,08:00,take-it-easy,The 5-Year Test,numberless/blacklight-all/take-it-easy/02-the-5-year-test,"That thing crushing you today -

Swipe till the end. Save your energy for what survives the test.

Save this - share with someone who needs it.
More at www.shiwalay.com

#peace #mentalhealth #shiwalay #selfgrowth","That thing crushing you today -

Save your energy for what survives the test.

www.shiwalay.com #peace #mentalhealth"
98,2026-11-18,12:00,money,Why Money Doesn't Stay,numberless/blacklight-all/money/02-why-money-doesn-t-stay,"Ever wondered why money comes...

Swipe till the end. Making money is a skill. Keeping money is another.

Save this - share with someone who needs it.
More at www.shiwalay.com

#money #wealth #shiwalay #selfgrowth","Ever wondered why money comes...

Making money is a skill. Keeping money is another.

www.shiwalay.com #money #wealth"
98,2026-11-18,16:00,hide-this-secrets,Your Healing,numberless/blacklight-all/hide-this-secrets/15-your-healing,"You started therapy.

Swipe till the end. Protect the process until it has roots.

Save this - share with someone who needs it.
More at www.shiwalay.com

#privacy #strategy #shiwalay #selfgrowth","You started therapy.

Protect the process until it has roots.

www.shiwalay.com #privacy #strategy"
98,2026-11-18,20:00,freedom,The Calendar Test,numberless/blacklight-all/freedom/05-the-calendar-test,"Want to measure your freedom?

Swipe till the end. The freest person decides what their Tuesday looks like.

Save this - share with someone who needs it.
More at www.shiwalay.com

#freedom #lifedesign #shiwalay #selfgrowth","Want to measure your freedom?

The freest person decides what their Tuesday looks like.

www.shiwalay.com #freedom #lifedesign"
99,2026-11-19,08:00,never-give-up,Start Again Smaller,numberless/blacklight-all/never-give-up/13-start-again-smaller,"Fell off completely?

Swipe till the end. Keep the direction. Resize the stride.

Save this - share with someone who needs it.
More at www.shiwalay.com

#motivation #persistence #shiwalay #selfgrowth","Fell off completely?

Keep the direction. Resize the stride.

www.shiwalay.com #motivation #persistence"
99,2026-11-19,12:00,if-you-are-starting-again,Write Everything Down,numberless/blacklight-all/if-you-are-starting-again/09-write-everything-down,"If I were starting again:

Swipe till the end. Your notes become your unfair advantage.

Save this - share with someone who needs it.
More at www.shiwalay.com

#lifelessons #adviceto20s #shiwalay #selfgrowth","If I were starting again:

Your notes become your unfair advantage.

www.shiwalay.com #lifelessons #adviceto20s"
99,2026-11-19,16:00,system-works,Time In The System,numberless/blacklight-all/system-works/13-time-in-the-system,"The system rewards

Swipe till the end. Time in the game beats timing the game.

Save this - share with someone who needs it.
More at www.shiwalay.com

#financialliteracy #systems #shiwalay #selfgrowth","The system rewards

Time in the game beats timing the game.

www.shiwalay.com #financialliteracy #systems"
99,2026-11-19,20:00,your-enemies,Enemies Are Evidence,numberless/blacklight-all/your-enemies/01-enemies-are-evidence,"No enemies?

Swipe till the end. Enemies are receipts of movement.

Save this - share with someone who needs it.
More at www.shiwalay.com

#mindset #growth #shiwalay #selfgrowth","No enemies?

Enemies are receipts of movement.

www.shiwalay.com #mindset #growth"
100,2026-11-20,08:00,fulfilment,The Empty Peak,numberless/blacklight-all/fulfilment/03-the-empty-peak,"Ask people who reached the top.

Swipe till the end. Choose mountains you love climbing, not just peaks that photograph well.

Save this - share with someone who needs it.
More at www.shiwalay.com

#fulfilment #meaning #shiwalay #selfgrowth","Ask people who reached the top.

Choose mountains you love climbing, not just peaks that photograph well.

www.shiwalay.com #fulfilment #meaning"
100,2026-11-20,12:00,listen-carefully,Money Talk Reveals,numberless/blacklight-all/listen-carefully/12-money-talk-reveals,"Listen to how people

Swipe till the end. Change the sentences first. The numbers follow.

Save this - share with someone who needs it.
More at www.shiwalay.com

#communication #psychology #shiwalay #selfgrowth","Listen to how people

Change the sentences first. The numbers follow.

www.shiwalay.com #communication #psychology"
100,2026-11-20,16:00,faith,Prayer Changes You,numberless/blacklight-all/faith/13-prayer-changes-you,"Does prayer change outcomes?

Swipe till the end. Prayer may or may not move mountains. It moves you.

Save this - share with someone who needs it.
More at www.shiwalay.com

#faith #trust #shiwalay #selfgrowth","Does prayer change outcomes?

Prayer may or may not move mountains. It moves you.

www.shiwalay.com #faith #trust"
100,2026-11-20,20:00,love-to-read,One Day You'll Understand,numberless/blacklight-all/love-to-read/19-one-day-you-ll-understand,"One day you'll understand why certain things didn't work out.

Swipe till the end. Sometimes the meaning of an event becomes visible only after you've lived beyond it.

Save this - share with someone who needs it.
More at www.shiwalay.com

#life #wisdom #shiwalay #selfgrowth","One day you'll understand why certain things didn't work out.

Sometimes the meaning of an event becomes visible only after you've lived beyond it.

www.shiwalay.com #life #wisdom"
101,2026-11-21,08:00,friends,Expired Friendships,numberless/blacklight-all/friends/16-expired-friendships,"Some friendships expired years ago.

Swipe till the end. You're allowed to leave what repeatedly hurts you.

Save this - share with someone who needs it.
More at www.shiwalay.com

#friendship #connection #shiwalay #selfgrowth","Some friendships expired years ago.

You're allowed to leave what repeatedly hurts you.

www.shiwalay.com #friendship #connection"
101,2026-11-21,12:00,self-protection,Take The Remote Back,numberless/blacklight-all/self-protection/15-take-the-remote-back,"Your mood depends on their reply?

Swipe till the end. Take the remote back.

Save this - share with someone who needs it.
More at www.shiwalay.com

#boundaries #selfrespect #shiwalay #selfgrowth","Your mood depends on their reply?

Take the remote back.

www.shiwalay.com #boundaries #selfrespect"
101,2026-11-21,16:00,hit-hard,You're Not Behind,numberless/blacklight-all/hit-hard/02-you-re-not-behind,"You're not behind.

Swipe till the end. Close the apps. Close the gap.

Save this - share with someone who needs it.
More at www.shiwalay.com

#hardtruths #discipline #shiwalay #selfgrowth","You're not behind.

Close the apps. Close the gap.

www.shiwalay.com #hardtruths #discipline"
101,2026-11-21,20:00,gita,Do Your Dharma,numberless/blacklight-all/gita/03-do-your-dharma,"Stop asking:

Swipe till the end. Dharma begins when you stop copying another person's life.

Save this - share with someone who needs it.
More at www.shiwalay.com

#bhagavadgita #dharma #shiwalay #selfgrowth","Stop asking:

Dharma begins when you stop copying another person's life.

www.shiwalay.com #bhagavadgita #dharma"
102,2026-11-22,08:00,must-learn-before-40,How To Forgive,numberless/blacklight-all/must-learn-before-40/19-how-to-forgive,"Not for them.

Swipe till the end. Learn it before 40, or carry every grudge into every room.

Save this - share with someone who needs it.
More at www.shiwalay.com

#lifelessons #growth #shiwalay #selfgrowth","Not for them.

Learn it before 40, or carry every grudge into every room.

www.shiwalay.com #lifelessons #growth"
102,2026-11-22,12:00,try-this-3-things,To Grow Online,numberless/blacklight-all/try-this-3-things/10-to-grow-online,"Posting into the void?

Swipe till the end. The algorithm rewards consistency before creativity.

Save this - share with someone who needs it.
More at www.shiwalay.com

#selfimprovement #habits #shiwalay #selfgrowth","Posting into the void?

The algorithm rewards consistency before creativity.

www.shiwalay.com #selfimprovement #habits"
102,2026-11-22,16:00,avoid-this-mistakes,The Comparison Career,numberless/blacklight-all/avoid-this-mistakes/16-the-comparison-career,"Choosing paths by

Swipe till the end. Compare only with your own last year.

Save this - share with someone who needs it.
More at www.shiwalay.com

#lifelessons #mistakes #shiwalay #selfgrowth","Choosing paths by

Compare only with your own last year.

www.shiwalay.com #lifelessons #mistakes"
102,2026-11-22,20:00,dark-manipulation,The Slot Machine,numberless/blacklight-all/dark-manipulation/18-the-slot-machine,"Sometimes warm.

Swipe till the end. Consistency is love. A slot machine is not a relationship.

Save this - share with someone who needs it.
More at www.shiwalay.com

#psychology #awareness #shiwalay #selfgrowth","Sometimes warm.

Consistency is love. A slot machine is not a relationship.

www.shiwalay.com #psychology #awareness"
103,2026-11-23,08:00,friends,New Friends After 30,numberless/blacklight-all/friends/17-new-friends-after-30,"""It's too late to make new friends.""

Swipe till the end. Join. Show up. Twice. Then again. That's the whole secret.

Save this - share with someone who needs it.
More at www.shiwalay.com

#friendship #connection #shiwalay #selfgrowth","""It's too late to make new friends.""

Join. Show up. Twice. Then again. That's the whole secret.

www.shiwalay.com #friendship #connection"
103,2026-11-23,12:00,never-give-up,The Plateau Lie,numberless/blacklight-all/never-give-up/03-the-plateau-lie,"Your progress ""stopped.""

Swipe till the end. Plateaus are where the next level loads.

Save this - share with someone who needs it.
More at www.shiwalay.com

#motivation #persistence #shiwalay #selfgrowth","Your progress ""stopped.""

Plateaus are where the next level loads.

www.shiwalay.com #motivation #persistence"
103,2026-11-23,16:00,try-this-trick,The Done List,numberless/blacklight-all/try-this-trick/12-the-done-list,"To-do lists measure the gap.

Swipe till the end. Keep evidence. Evidence beats anxiety.

Save this - share with someone who needs it.
More at www.shiwalay.com

#lifehacks #psychology #shiwalay #selfgrowth","To-do lists measure the gap.

Keep evidence. Evidence beats anxiety.

www.shiwalay.com #lifehacks #psychology"
103,2026-11-23,20:00,modern-wisdom,The Anti-Trend,numberless/blacklight-all/modern-wisdom/19-the-anti-trend,"Every trend you chase

Swipe till the end. Invest in what won't be embarrassing in ten years.

Save this - share with someone who needs it.
More at www.shiwalay.com

#modernlife #wisdom #shiwalay #selfgrowth","Every trend you chase

Invest in what won't be embarrassing in ten years.

www.shiwalay.com #modernlife #wisdom"
104,2026-11-24,08:00,system-works,The Convenience Premium,numberless/blacklight-all/system-works/16-the-convenience-premium,"Every convenience charges twice.

Swipe till the end. Inconvenience is a discount. Patience is income.

Save this - share with someone who needs it.
More at www.shiwalay.com

#financialliteracy #systems #shiwalay #selfgrowth","Every convenience charges twice.

Inconvenience is a discount. Patience is income.

www.shiwalay.com #financialliteracy #systems"
104,2026-11-24,12:00,faith,Faith And Action,numberless/blacklight-all/faith/17-faith-and-action,"Faith without work is a wish.

Swipe till the end. You were given wings and legs. Use both.

Save this - share with someone who needs it.
More at www.shiwalay.com

#faith #trust #shiwalay #selfgrowth","Faith without work is a wish.

You were given wings and legs. Use both.

www.shiwalay.com #faith #trust"
104,2026-11-24,16:00,hit-hard,Comfort Is A Loan,numberless/blacklight-all/hit-hard/03-comfort-is-a-loan,"Your comfort zone

Swipe till the end. Pay in discipline now, or pay in regret forever.

Save this - share with someone who needs it.
More at www.shiwalay.com

#hardtruths #discipline #shiwalay #selfgrowth","Your comfort zone

Pay in discipline now, or pay in regret forever.

www.shiwalay.com #hardtruths #discipline"
104,2026-11-24,20:00,if-you-are-starting-again,"Fewer, Deeper Friends",numberless/blacklight-all/if-you-are-starting-again/13-fewer-deeper-friends,"If I were starting again:

Swipe till the end. Depth is built in years. Start early.

Save this - share with someone who needs it.
More at www.shiwalay.com

#lifelessons #adviceto20s #shiwalay #selfgrowth","If I were starting again:

Depth is built in years. Start early.

www.shiwalay.com #lifelessons #adviceto20s"
105,2026-11-25,08:00,self-protection,The Slow Yes,numberless/blacklight-all/self-protection/17-the-slow-yes,"Say ""let me think about it"" more.

Swipe till the end. Urgency is often a trap. Slow down the yes.

Save this - share with someone who needs it.
More at www.shiwalay.com

#boundaries #selfrespect #shiwalay #selfgrowth","Say ""let me think about it"" more.

Urgency is often a trap. Slow down the yes.

www.shiwalay.com #boundaries #selfrespect"
105,2026-11-25,12:00,family,The Working Parent's Math,numberless/blacklight-all/family/11-the-working-parent-s-math,"You miss dinners

Swipe till the end. Some overtime costs more than it pays.

Save this - share with someone who needs it.
More at www.shiwalay.com

#family #relationships #shiwalay #selfgrowth","You miss dinners

Some overtime costs more than it pays.

www.shiwalay.com #family #relationships"
105,2026-11-25,16:00,gita,Your Mind Can Be Your Friend,numberless/blacklight-all/gita/08-your-mind-can-be-your-friend,"The same mind can:

Swipe till the end. Master the mind before asking it to build your life.

Save this - share with someone who needs it.
More at www.shiwalay.com

#bhagavadgita #dharma #shiwalay #selfgrowth","The same mind can:

Master the mind before asking it to build your life.

www.shiwalay.com #bhagavadgita #dharma"
105,2026-11-25,20:00,your-enemies,Boundaries Beat Battles,numberless/blacklight-all/your-enemies/14-boundaries-beat-battles,"You don't owe every enemy a war.

Swipe till the end. The blocked door wins quietly.

Save this - share with someone who needs it.
More at www.shiwalay.com

#mindset #growth #shiwalay #selfgrowth","You don't owe every enemy a war.

The blocked door wins quietly.

www.shiwalay.com #mindset #growth"
106,2026-11-26,08:00,love-to-read,The Person You Can't Forgive,numberless/blacklight-all/love-to-read/16-the-person-you-can-t-forgive,"You can't forgive someone?

Swipe till the end. Forgiveness doesn't always mean reopening the door. Sometimes it means closing it without carrying the person inside you.

Save this - share with someone who needs it.
More at www.shiwalay.com

#life #wisdom #shiwalay #selfgrowth","You can't forgive someone?

Forgiveness doesn't always mean reopening the door. Sometimes it means closing it without carrying the person inside you.

www.shiwalay.com #life #wisdom"
106,2026-11-26,12:00,fulfilment,Success vs Fulfilment,numberless/blacklight-all/fulfilment/02-success-vs-fulfilment,"Success is getting what you want.

Swipe till the end. Build both, or the winning is wasted.

Save this - share with someone who needs it.
More at www.shiwalay.com

#fulfilment #meaning #shiwalay #selfgrowth","Success is getting what you want.

Build both, or the winning is wasted.

www.shiwalay.com #fulfilment #meaning"
106,2026-11-26,16:00,avoid-this-mistakes,Feeding The Card,numberless/blacklight-all/avoid-this-mistakes/14-feeding-the-card,"Credit card minimums

Swipe till the end. Kill the card debt first. It outruns every investment.

Save this - share with someone who needs it.
More at www.shiwalay.com

#lifelessons #mistakes #shiwalay #selfgrowth","Credit card minimums

Kill the card debt first. It outruns every investment.

www.shiwalay.com #lifelessons #mistakes"
106,2026-11-26,20:00,freedom,The Small Escape,numberless/blacklight-all/freedom/14-the-small-escape,"You don't need to quit everything tomorrow.

Swipe till the end. Small escapes, repeated, become a free life.

Save this - share with someone who needs it.
More at www.shiwalay.com

#freedom #lifedesign #shiwalay #selfgrowth","You don't need to quit everything tomorrow.

Small escapes, repeated, become a free life.

www.shiwalay.com #freedom #lifedesign"
107,2026-11-27,08:00,money,The Money Mistake,numberless/blacklight-all/money/01-the-money-mistake,"You don't have a money problem.

Swipe till the end. Change the pattern, and you change the outcome.

Save this - share with someone who needs it.
More at www.shiwalay.com

#money #wealth #shiwalay #selfgrowth","You don't have a money problem.

Change the pattern, and you change the outcome.

www.shiwalay.com #money #wealth"
107,2026-11-27,12:00,hide-this-secrets,Your Savings,numberless/blacklight-all/hide-this-secrets/06-your-savings,"The moment people know

Swipe till the end. Quiet money stays yours.

Save this - share with someone who needs it.
More at www.shiwalay.com

#privacy #strategy #shiwalay #selfgrowth","The moment people know

Quiet money stays yours.

www.shiwalay.com #privacy #strategy"
107,2026-11-27,16:00,listen-carefully,Silence Is Feedback,numberless/blacklight-all/listen-carefully/08-silence-is-feedback,"Listen to who went quiet.

Swipe till the end. Silence is feedback. Respond to it early.

Save this - share with someone who needs it.
More at www.shiwalay.com

#communication #psychology #shiwalay #selfgrowth","Listen to who went quiet.

Silence is feedback. Respond to it early.

www.shiwalay.com #communication #psychology"
107,2026-11-27,20:00,take-it-easy,Laugh At Yourself First,numberless/blacklight-all/take-it-easy/14-laugh-at-yourself-first,"You tripped. You fumbled.

Swipe till the end. Life is lighter when you're not defending a statue of yourself.

Save this - share with someone who needs it.
More at www.shiwalay.com

#peace #mentalhealth #shiwalay #selfgrowth","You tripped. You fumbled.

Life is lighter when you're not defending a statue of yourself.

www.shiwalay.com #peace #mentalhealth"
108,2026-11-28,08:00,try-this-3-things,For Peace Of Mind,numberless/blacklight-all/try-this-3-things/15-for-peace-of-mind,"Mind won't stop?

Swipe till the end. Peace is a practice, not a destination.

Save this - share with someone who needs it.
More at www.shiwalay.com

#selfimprovement #habits #shiwalay #selfgrowth","Mind won't stop?

Peace is a practice, not a destination.

www.shiwalay.com #selfimprovement #habits"
108,2026-11-28,12:00,dark-manipulation,The Obligation Hook,numberless/blacklight-all/dark-manipulation/13-the-obligation-hook,"Free sample. Small gift.

Swipe till the end. You can accept a gift and still say no.

Save this - share with someone who needs it.
More at www.shiwalay.com

#psychology #awareness #shiwalay #selfgrowth","Free sample. Small gift.

You can accept a gift and still say no.

www.shiwalay.com #psychology #awareness"
108,2026-11-28,16:00,think-they-are,You Think You're Loyal,numberless/blacklight-all/think-they-are/11-you-think-you-re-loyal,"You think you're loyal.

Swipe till the end. Loyalty should not require you to betray yourself.

Save this - share with someone who needs it.
More at www.shiwalay.com

#selfawareness #truth #shiwalay #selfgrowth","You think you're loyal.

Loyalty should not require you to betray yourself.

www.shiwalay.com #selfawareness #truth"
108,2026-11-28,20:00,must-learn-before-40,How To Keep A Friend,numberless/blacklight-all/must-learn-before-40/15-how-to-keep-a-friend,"Making friends is chemistry.

Swipe till the end. At 40, your net worth includes every friendship still alive.

Save this - share with someone who needs it.
More at www.shiwalay.com

#lifelessons #growth #shiwalay #selfgrowth","Making friends is chemistry.

At 40, your net worth includes every friendship still alive.

www.shiwalay.com #lifelessons #growth"
109,2026-11-29,08:00,take-it-easy,Surviving Counts,numberless/blacklight-all/take-it-easy/15-surviving-counts,"Some days you thrive.

Swipe till the end. Be gentle. You showed up. That counts.

Save this - share with someone who needs it.
More at www.shiwalay.com

#peace #mentalhealth #shiwalay #selfgrowth","Some days you thrive.

Be gentle. You showed up. That counts.

www.shiwalay.com #peace #mentalhealth"
109,2026-11-29,12:00,try-this-trick,Write It Down Before Sleep,numberless/blacklight-all/try-this-trick/08-write-it-down-before-sleep,"Racing mind at night?

Swipe till the end. Sleep is downstream of a quiet list.

Save this - share with someone who needs it.
More at www.shiwalay.com

#lifehacks #psychology #shiwalay #selfgrowth","Racing mind at night?

Sleep is downstream of a quiet list.

www.shiwalay.com #lifehacks #psychology"
109,2026-11-29,16:00,love-to-read,If You Feel Behind,numberless/blacklight-all/love-to-read/03-if-you-feel-behind,"If you feel behind in life...

Swipe till the end. Don't turn someone else's timeline into evidence that you're failing.

Save this - share with someone who needs it.
More at www.shiwalay.com

#life #wisdom #shiwalay #selfgrowth","If you feel behind in life...

Don't turn someone else's timeline into evidence that you're failing.

www.shiwalay.com #life #wisdom"
109,2026-11-29,20:00,gita,The Battle Is Inside You,numberless/blacklight-all/gita/02-the-battle-is-inside-you,"Arjuna's biggest battle wasn't only outside.

Swipe till the end. The hardest opponent you'll ever have to defeat may be the version of yourself that refuses to act.

Save this - share with someone who needs it.
More at www.shiwalay.com

#bhagavadgita #dharma #shiwalay #selfgrowth","Arjuna's biggest battle wasn't only outside.

The hardest opponent you'll ever have to defeat may be the version of yourself that refuses to act.

www.shiwalay.com #bhagavadgita #dharma"
110,2026-11-30,08:00,hit-hard,Average Is A Choice,numberless/blacklight-all/hit-hard/14-average-is-a-choice,"Average isn't fate.

Swipe till the end. Refuse one surrender today. Then another.

Save this - share with someone who needs it.
More at www.shiwalay.com

#hardtruths #discipline #shiwalay #selfgrowth","Average isn't fate.

Refuse one surrender today. Then another.

www.shiwalay.com #hardtruths #discipline"
110,2026-11-30,12:00,money,The Rs 1 Crore Question,numberless/blacklight-all/money/03-the-rs-1-crore-question,"What would you do differently

Swipe till the end. Stop chasing money. Build the machine that creates it.

Save this - share with someone who needs it.
More at www.shiwalay.com

#money #wealth #shiwalay #selfgrowth","What would you do differently

Stop chasing money. Build the machine that creates it.

www.shiwalay.com #money #wealth"
110,2026-11-30,16:00,must-learn-before-40,How To Speak To A Room,numberless/blacklight-all/must-learn-before-40/18-how-to-speak-to-a-room,"Careers quietly cap

Swipe till the end. Every mic you avoid was a door.

Save this - share with someone who needs it.
More at www.shiwalay.com

#lifelessons #growth #shiwalay #selfgrowth","Careers quietly cap

Every mic you avoid was a door.

www.shiwalay.com #lifelessons #growth"
110,2026-11-30,20:00,fulfilment,The Joy Of Craft,numberless/blacklight-all/fulfilment/14-the-joy-of-craft,"There's a joy your phone can't give you.

Swipe till the end. Mastery is one of the oldest human joys. Reclaim it.

Save this - share with someone who needs it.
More at www.shiwalay.com

#fulfilment #meaning #shiwalay #selfgrowth","There's a joy your phone can't give you.

Mastery is one of the oldest human joys. Reclaim it.

www.shiwalay.com #fulfilment #meaning"
111,2026-12-01,08:00,friends,Grown-Up Friendship,numberless/blacklight-all/friends/08-grown-up-friendship,"Adult friendship is unglamorous.

Swipe till the end. Showing up costs more now - which is why it means more.

Save this - share with someone who needs it.
More at www.shiwalay.com

#friendship #connection #shiwalay #selfgrowth","Adult friendship is unglamorous.

Showing up costs more now - which is why it means more.

www.shiwalay.com #friendship #connection"
111,2026-12-01,12:00,dark-manipulation,Projection,numberless/blacklight-all/dark-manipulation/17-projection,"The liar calls you a liar.

Swipe till the end. Don't absorb labels thrown to hide the thrower's face.

Save this - share with someone who needs it.
More at www.shiwalay.com

#psychology #awareness #shiwalay #selfgrowth","The liar calls you a liar.

Don't absorb labels thrown to hide the thrower's face.

www.shiwalay.com #psychology #awareness"
111,2026-12-01,16:00,family,Home Is A Feeling,numberless/blacklight-all/family/06-home-is-a-feeling,"A big house is not a home.

Swipe till the end. Build that feeling. The square footage is optional.

Save this - share with someone who needs it.
More at www.shiwalay.com

#family #relationships #shiwalay #selfgrowth","A big house is not a home.

Build that feeling. The square footage is optional.

www.shiwalay.com #family #relationships"
111,2026-12-01,20:00,if-you-are-starting-again,Take The Photos,numberless/blacklight-all/if-you-are-starting-again/17-take-the-photos,"If I were starting again:

Swipe till the end. Nobody looks back wishing they had fewer memories.

Save this - share with someone who needs it.
More at www.shiwalay.com

#lifelessons #adviceto20s #shiwalay #selfgrowth","If I were starting again:

Nobody looks back wishing they had fewer memories.

www.shiwalay.com #lifelessons #adviceto20s"
112,2026-12-02,08:00,listen-carefully,Advice Is Autobiography,numberless/blacklight-all/listen-carefully/15-advice-is-autobiography,"Most advice is the advisor

Swipe till the end. Filter every ""you should"" through ""whose life is this?""

Save this - share with someone who needs it.
More at www.shiwalay.com

#communication #psychology #shiwalay #selfgrowth","Most advice is the advisor

Filter every ""you should"" through ""whose life is this?""

www.shiwalay.com #communication #psychology"
112,2026-12-02,12:00,never-give-up,The Comeback Math,numberless/blacklight-all/never-give-up/08-the-comeback-math,"Ten flat years can be redeemed

Swipe till the end. Your story isn't over. It's mid-sentence.

Save this - share with someone who needs it.
More at www.shiwalay.com

#motivation #persistence #shiwalay #selfgrowth","Ten flat years can be redeemed

Your story isn't over. It's mid-sentence.

www.shiwalay.com #motivation #persistence"
112,2026-12-02,16:00,system-works,School's Real Lesson,numberless/blacklight-all/system-works/02-school-s-real-lesson,"School taught obedience:

Swipe till the end. Your real education starts after graduation. Self-assigned.

Save this - share with someone who needs it.
More at www.shiwalay.com

#financialliteracy #systems #shiwalay #selfgrowth","School taught obedience:

Your real education starts after graduation. Self-assigned.

www.shiwalay.com #financialliteracy #systems"
112,2026-12-02,20:00,try-this-3-things,To Start A Side Income,numberless/blacklight-all/try-this-3-things/14-to-start-a-side-income,"Salary not enough?

Swipe till the end. Every empire started as a favor someone paid for.

Save this - share with someone who needs it.
More at www.shiwalay.com

#selfimprovement #habits #shiwalay #selfgrowth","Salary not enough?

Every empire started as a favor someone paid for.

www.shiwalay.com #selfimprovement #habits"
113,2026-12-03,08:00,faith,Why Me,numberless/blacklight-all/faith/07-why-me,"""Why is this happening to me?""

Swipe till the end. Faith is reading on when the plot hurts.

Save this - share with someone who needs it.
More at www.shiwalay.com

#faith #trust #shiwalay #selfgrowth","""Why is this happening to me?""

Faith is reading on when the plot hurts.

www.shiwalay.com #faith #trust"
113,2026-12-03,12:00,hide-this-secrets,Your Forgiveness,numberless/blacklight-all/hide-this-secrets/19-your-forgiveness,"You can forgive someone

Swipe till the end. Some closures are ceremonies of one.

Save this - share with someone who needs it.
More at www.shiwalay.com

#privacy #strategy #shiwalay #selfgrowth","You can forgive someone

Some closures are ceremonies of one.

www.shiwalay.com #privacy #strategy"
113,2026-12-03,16:00,modern-wisdom,Optimize Less,numberless/blacklight-all/modern-wisdom/14-optimize-less,"You optimize sleep, steps,

Swipe till the end. Not everything that counts can be counted.

Save this - share with someone who needs it.
More at www.shiwalay.com

#modernlife #wisdom #shiwalay #selfgrowth","You optimize sleep, steps,

Not everything that counts can be counted.

www.shiwalay.com #modernlife #wisdom"
113,2026-12-03,20:00,freedom,Can You Say No,numberless/blacklight-all/freedom/02-can-you-say-no,"Here's the fastest freedom test.

Swipe till the end. Build a life where ""no"" is affordable.

Save this - share with someone who needs it.
More at www.shiwalay.com

#freedom #lifedesign #shiwalay #selfgrowth","Here's the fastest freedom test.

Build a life where ""no"" is affordable.

www.shiwalay.com #freedom #lifedesign"
114,2026-12-04,08:00,self-protection,Learn To Be Disliked,numberless/blacklight-all/self-protection/10-learn-to-be-disliked,"If everyone likes you,

Swipe till the end. Pay it gladly.

Save this - share with someone who needs it.
More at www.shiwalay.com

#boundaries #selfrespect #shiwalay #selfgrowth","If everyone likes you,

Pay it gladly.

www.shiwalay.com #boundaries #selfrespect"
114,2026-12-04,12:00,think-they-are,You Think You're Free,numberless/blacklight-all/think-they-are/05-you-think-you-re-free,"You think you're free.

Swipe till the end. You may have freedom of movement without freedom of mind.

Save this - share with someone who needs it.
More at www.shiwalay.com

#selfawareness #truth #shiwalay #selfgrowth","You think you're free.

You may have freedom of movement without freedom of mind.

www.shiwalay.com #selfawareness #truth"
114,2026-12-04,16:00,your-enemies,Time Exposes,numberless/blacklight-all/your-enemies/12-time-exposes,"You don't need to expose them.

Swipe till the end. Time exposes what argument can't.

Save this - share with someone who needs it.
More at www.shiwalay.com

#mindset #growth #shiwalay #selfgrowth","You don't need to expose them.

Time exposes what argument can't.

www.shiwalay.com #mindset #growth"
114,2026-12-04,20:00,avoid-this-mistakes,Outsourcing Your Thinking,numberless/blacklight-all/avoid-this-mistakes/10-outsourcing-your-thinking,"Headlines think for you.

Swipe till the end. Read deeper. Conclude yourself.

Save this - share with someone who needs it.
More at www.shiwalay.com

#lifelessons #mistakes #shiwalay #selfgrowth","Headlines think for you.

Read deeper. Conclude yourself.

www.shiwalay.com #lifelessons #mistakes"
115,2026-12-05,08:00,self-protection,Move In Silence,numberless/blacklight-all/self-protection/05-move-in-silence,"Announced plans attract opinions,

Swipe till the end. Privacy is armor.

Save this - share with someone who needs it.
More at www.shiwalay.com

#boundaries #selfrespect #shiwalay #selfgrowth","Announced plans attract opinions,

Privacy is armor.

www.shiwalay.com #boundaries #selfrespect"
115,2026-12-05,12:00,try-this-trick,The Fresh Start Effect,numberless/blacklight-all/try-this-trick/07-the-fresh-start-effect,"Mondays. Birthdays.

Swipe till the end. Ride your psychology. Stop fighting it.

Save this - share with someone who needs it.
More at www.shiwalay.com

#lifehacks #psychology #shiwalay #selfgrowth","Mondays. Birthdays.

Ride your psychology. Stop fighting it.

www.shiwalay.com #lifehacks #psychology"
115,2026-12-05,16:00,fulfilment,Ordinary Days,numberless/blacklight-all/fulfilment/11-ordinary-days,"You're waiting for a highlight.

Swipe till the end. A good life is ordinary days done with attention.

Save this - share with someone who needs it.
More at www.shiwalay.com

#fulfilment #meaning #shiwalay #selfgrowth","You're waiting for a highlight.

A good life is ordinary days done with attention.

www.shiwalay.com #fulfilment #meaning"
115,2026-12-05,20:00,hit-hard,The Person You Could Have Been,numberless/blacklight-all/hit-hard/08-the-person-you-could-have-been,"Imagine meeting the person

Swipe till the end. Shrink the gap daily. That's the whole game.

Save this - share with someone who needs it.
More at www.shiwalay.com

#hardtruths #discipline #shiwalay #selfgrowth","Imagine meeting the person

Shrink the gap daily. That's the whole game.

www.shiwalay.com #hardtruths #discipline"
116,2026-12-06,08:00,freedom,Golden Handcuffs,numberless/blacklight-all/freedom/06-golden-handcuffs,"A bigger salary can be a trap dressed as a reward.

Swipe till the end. If losing your job would collapse your life, the job owns you.

Save this - share with someone who needs it.
More at www.shiwalay.com

#freedom #lifedesign #shiwalay #selfgrowth","A bigger salary can be a trap dressed as a reward.

If losing your job would collapse your life, the job owns you.

www.shiwalay.com #freedom #lifedesign"
116,2026-12-06,12:00,gita,Control Your Senses,numberless/blacklight-all/gita/13-control-your-senses,"Your attention is constantly being pulled.

Swipe till the end. If everything can distract you, everything can control you.

Save this - share with someone who needs it.
More at www.shiwalay.com

#bhagavadgita #dharma #shiwalay #selfgrowth","Your attention is constantly being pulled.

If everything can distract you, everything can control you.

www.shiwalay.com #bhagavadgita #dharma"
116,2026-12-06,16:00,modern-wisdom,Old Rules Still Rule,numberless/blacklight-all/modern-wisdom/20-old-rules-still-rule,"Technology changed everything.

Swipe till the end. Master the ancient basics before chasing modern hacks.

Save this - share with someone who needs it.
More at www.shiwalay.com

#modernlife #wisdom #shiwalay #selfgrowth","Technology changed everything.

Master the ancient basics before chasing modern hacks.

www.shiwalay.com #modernlife #wisdom"
116,2026-12-06,20:00,love-to-read,Read This Twice,numberless/blacklight-all/love-to-read/20-read-this-twice,"Your life isn't waiting to begin.

Swipe till the end. Look closer. You may already be standing inside the life you once prayed for.

Save this - share with someone who needs it.
More at www.shiwalay.com

#life #wisdom #shiwalay #selfgrowth","Your life isn't waiting to begin.

Look closer. You may already be standing inside the life you once prayed for.

www.shiwalay.com #life #wisdom"
117,2026-12-07,08:00,take-it-easy,Good Enough Ships,numberless/blacklight-all/take-it-easy/07-good-enough-ships,"Perfectionism is fear

Swipe till the end. Ship the good-enough. Sleep the full night.

Save this - share with someone who needs it.
More at www.shiwalay.com

#peace #mentalhealth #shiwalay #selfgrowth","Perfectionism is fear

Ship the good-enough. Sleep the full night.

www.shiwalay.com #peace #mentalhealth"
117,2026-12-07,12:00,friends,Behind The Roast,numberless/blacklight-all/friends/18-behind-the-roast,"Some friendships speak in insults.

Swipe till the end. Even the funniest friend needs one serious: ""How are you, really?""

Save this - share with someone who needs it.
More at www.shiwalay.com

#friendship #connection #shiwalay #selfgrowth","Some friendships speak in insults.

Even the funniest friend needs one serious: ""How are you, really?""

www.shiwalay.com #friendship #connection"
117,2026-12-07,16:00,your-enemies,"Receipts, Not Grudges",numberless/blacklight-all/your-enemies/18-receipts-not-grudges,"Remember the facts.

Swipe till the end. Protect yourself with memory, not with hate.

Save this - share with someone who needs it.
More at www.shiwalay.com

#mindset #growth #shiwalay #selfgrowth","Remember the facts.

Protect yourself with memory, not with hate.

www.shiwalay.com #mindset #growth"
117,2026-12-07,20:00,system-works,Read The Instruction Manual,numberless/blacklight-all/system-works/15-read-the-instruction-manual,"Tax rules are instruction manuals.

Swipe till the end. Learn the rules. Play them legally and well.

Save this - share with someone who needs it.
More at www.shiwalay.com

#financialliteracy #systems #shiwalay #selfgrowth","Tax rules are instruction manuals.

Learn the rules. Play them legally and well.

www.shiwalay.com #financialliteracy #systems"
118,2026-12-08,08:00,never-give-up,Slow Is Still Forward,numberless/blacklight-all/never-give-up/06-slow-is-still-forward,"Slower than planned

Swipe till the end. Crawl if needed. Just face forward.

Save this - share with someone who needs it.
More at www.shiwalay.com

#motivation #persistence #shiwalay #selfgrowth","Slower than planned

Crawl if needed. Just face forward.

www.shiwalay.com #motivation #persistence"
118,2026-12-08,12:00,if-you-are-starting-again,Skills Over Salary,numberless/blacklight-all/if-you-are-starting-again/02-skills-over-salary,"If I were starting again:

Swipe till the end. Choose the room where you'll grow fastest.

Save this - share with someone who needs it.
More at www.shiwalay.com

#lifelessons #adviceto20s #shiwalay #selfgrowth","If I were starting again:

Choose the room where you'll grow fastest.

www.shiwalay.com #lifelessons #adviceto20s"
118,2026-12-08,16:00,faith,The Seed Principle,numberless/blacklight-all/faith/14-the-seed-principle,"Faith works like farming.

Swipe till the end. Stop digging up what you planted. Let it grow.

Save this - share with someone who needs it.
More at www.shiwalay.com

#faith #trust #shiwalay #selfgrowth","Faith works like farming.

Stop digging up what you planted. Let it grow.

www.shiwalay.com #faith #trust"
118,2026-12-08,20:00,money,Your Phone Could Be Making You Poor,numberless/blacklight-all/money/06-your-phone-could-be-making-you-poor,"Your smartphone could be

Swipe till the end. The same device can make you poorer - or richer.

Save this - share with someone who needs it.
More at www.shiwalay.com

#money #wealth #shiwalay #selfgrowth","Your smartphone could be

The same device can make you poorer - or richer.

www.shiwalay.com #money #wealth"
119,2026-12-09,08:00,avoid-this-mistakes,The Comfort Trap,numberless/blacklight-all/avoid-this-mistakes/04-the-comfort-trap,"The comfortable job

Swipe till the end. Review yearly: growing or just staying?

Save this - share with someone who needs it.
More at www.shiwalay.com

#lifelessons #mistakes #shiwalay #selfgrowth","The comfortable job

Review yearly: growing or just staying?

www.shiwalay.com #lifelessons #mistakes"
119,2026-12-09,12:00,dark-manipulation,The Silent Treatment,numberless/blacklight-all/dark-manipulation/04-the-silent-treatment,"Silence, used as punishment.

Swipe till the end. Don't chase. Name it calmly. Then live your day.

Save this - share with someone who needs it.
More at www.shiwalay.com

#psychology #awareness #shiwalay #selfgrowth","Silence, used as punishment.

Don't chase. Name it calmly. Then live your day.

www.shiwalay.com #psychology #awareness"
119,2026-12-09,16:00,try-this-3-things,For Your Relationship,numberless/blacklight-all/try-this-3-things/13-for-your-relationship,"Growing apart?

Swipe till the end. Small daily deposits beat anniversary withdrawals.

Save this - share with someone who needs it.
More at www.shiwalay.com

#selfimprovement #habits #shiwalay #selfgrowth","Growing apart?

Small daily deposits beat anniversary withdrawals.

www.shiwalay.com #selfimprovement #habits"
119,2026-12-09,20:00,hide-this-secrets,Your Open Wounds,numberless/blacklight-all/hide-this-secrets/08-your-open-wounds,"Share scars,

Swipe till the end. Scars teach. Wounds bleed.

Save this - share with someone who needs it.
More at www.shiwalay.com

#privacy #strategy #shiwalay #selfgrowth","Share scars,

Scars teach. Wounds bleed.

www.shiwalay.com #privacy #strategy"
120,2026-12-10,08:00,must-learn-before-40,How Habits Run You,numberless/blacklight-all/must-learn-before-40/11-how-habits-run-you,"Your day is 40% autopilot.

Swipe till the end. Before 40, become the designer.

Save this - share with someone who needs it.
More at www.shiwalay.com

#lifelessons #growth #shiwalay #selfgrowth","Your day is 40% autopilot.

Before 40, become the designer.

www.shiwalay.com #lifelessons #growth"
120,2026-12-10,12:00,think-they-are,You Think You're Successful,numberless/blacklight-all/think-they-are/12-you-think-you-re-successful,"You think you're successful.

Swipe till the end. You can win the wrong game.

Save this - share with someone who needs it.
More at www.shiwalay.com

#selfawareness #truth #shiwalay #selfgrowth","You think you're successful.

You can win the wrong game.

www.shiwalay.com #selfawareness #truth"
120,2026-12-10,16:00,family,The Dinner Table,numberless/blacklight-all/family/10-the-dinner-table,"The cheapest family therapy:

Swipe till the end. Protect one table ritual like it's sacred. It is.

Save this - share with someone who needs it.
More at www.shiwalay.com

#family #relationships #shiwalay #selfgrowth","The cheapest family therapy:

Protect one table ritual like it's sacred. It is.

www.shiwalay.com #family #relationships"
120,2026-12-10,20:00,listen-carefully,Letters You Open Later,numberless/blacklight-all/listen-carefully/16-letters-you-open-later,"Elders repeat warnings

Swipe till the end. Listen now. Postage gets expensive.

Save this - share with someone who needs it.
More at www.shiwalay.com

#communication #psychology #shiwalay #selfgrowth","Elders repeat warnings

Listen now. Postage gets expensive.

www.shiwalay.com #communication #psychology"
